name,latitude,longitude,Bottom,LA River Site,Placed_Sample_Gen,Placed_Sampled_Detailed,Substrate,Site_Gen_Detailed,alpha_PITS_observed,alpha_FITS_observed,alpha_16S_observed,alpha_18S_observed,alpha_CO1_observed,alpha_Vert12S_observed,bio01,bio02,bio03,bio04,bio05,bio06,bio07,bio08,bio09,bio10,bio11,bio12,bio13,bio14,bio15,bio16,bio17,bio18,bio19,grtgroup,soil pH in H20,soil organic carbon,soil sand,soil clay,soil bulk density,elevation,slope,aspect,NDVI,EVI,greenness,landcover,impervious,percent_tree_cover,NBRT,,B1,B2,B3,B4,B5,B6,B7,B8,B8A,B9,B10,B11,B12,GPS_Precision,Plankton_tow_net_end_Latitude,Plankton_tow_net_end_Longitude,Plankton_tow_net_end_Precision,Habitat_description,Depth,Environmental_feature_type,Image_file
POUR_2,34.203653,-118.166365,W soft bottom,Arroyo Seco,tributary,creek,Water (DB),Arroyo Seco_tributary_creek,#N/A,126,91,9,2,#N/A,17.2,14.4,51,46.21,32.3,4.6,27.7,12.3,23,23.6,11.8,530,110,1,92,311,7,17,289,289,7.2,0.6,45,24,14.8,349.7644043,12.62772049,130.2226705,0.391154796,0.382094566,0.480340451,52,3,12,0.971007009,,0.130950004,0.114050001,0.109099999,0.106849998,0.126750007,0.219150007,0.259600013,0.259600013,0.290850013,0.087099999,0.00125,0.227349997,0.137250006,10.25528887,0,0,0,Fully submerged,Submerged 3-30cm,Enclosed water Basin/wash,image-14_56_1.jpg
POUR_1,34.204167,-118.166287,W soft bottom,Arroyo Seco,tributary,creek,Water (DB),Arroyo Seco_tributary_creek,23,85,102,72,47,9,17.2,14.4,51,46.21,32.3,4.6,27.7,12.3,23,23.6,11.8,530,110,1,92,311,7,17,289,289,7.2,0.6,45,24,14.7,363.1646423,12.62772049,114.6805756,0.400858879,0.382094566,0.480340451,52,3,12,0.971061658,0.182053341,0.130150005,0.107100002,0.103399999,0.099650003,0.126750007,0.219150007,0.259600013,0.259600013,0.290850013,0.083849996,0.0012,0.215700001,0.129549995,8.797886634,0,0,0,Fully submerged,Submerged 3-30cm,Slope/slant,image-15_27_33.jpg
POUR_3,34.204379,-118.166368,W soft bottom,Arroyo Seco,tributary,creek,Water (PN),Arroyo Seco_tributary_creek,#N/A,70,115,110,26,#N/A,17.2,14.4,51,46.21,32.3,4.6,27.7,12.3,23,23.6,11.8,530,110,1,92,311,7,17,289,289,7.2,0.6,45,24,14.7,363.1646423,14.16359144,114.6805756,0.441570312,0.382094566,0.558365643,52,1,12,0.971106019,0.435741979,0.130150005,0.107100002,0.103399999,0.097649999,0.126750007,0.219150007,0.259600013,0.259600013,0.290850013,0.083849996,0.0012,0.215700001,0.129549995,7.625802206,34.204488,-118.166397,9.876950772,Fully submerged,Submerged 3-30cm,Basin/wash,image-15_39_23.jpg
POUR_4,34.203614,-118.166314,W soft bottom,Arroyo Seco,tributary,creek,Water (PN),Arroyo Seco_tributary_creek,#N/A,68,126,125,63,#N/A,17.2,14.4,51,46.21,32.3,4.6,27.7,12.3,23,23.6,11.8,530,110,1,92,311,7,17,289,289,7.2,0.6,45,24,14.8,349.7644043,12.62772049,130.2226705,0.391154796,0.382094566,0.480340451,52,3,12,0.971007009,,0.130950004,0.114050001,0.109099999,0.106849998,0.126750007,0.219150007,0.259600013,0.259600013,0.290850013,0.087099999,0.00125,0.227349997,0.137250006,9.418357824,34.203926,-118.166431,11.21743688,Fully submerged,Submerged 3-30cm,Slope/slant Basin/wash,image-15_54_50.jpg
POUR_12,34.181744,-118.497703,W soft bottom,Bull Creek,tributary,pool,Water (PN),Bull Creek_tributary_pool,11,116,78,109,54,10,17.4,12.7,54,38.49,29.7,6.3,23.4,13.2,22,22.7,12.9,408,87,0,93,239,5,11,227,289,7.6,0.4,39,26,15,216.8607178,0.560858108,220.5442415,0.355604947,0.357832518,0.433719963,71,0,6,0.961823126,,0.134100005,0.108099997,0.102499999,0.092299998,0.11795,0.234850004,0.286350012,0.286500007,0.318349987,0.103600003,0.0014,0.197050005,0.1153,12.39033517,0,0,0,Fully submerged,Submerged 30-60cm,Pit or ravine,image-14_9_7.jpg
POUR_13,34.181334,-118.49781,W soft bottom,Bull Creek,tributary,stream,Water (PN),Bull Creek_tributary_stream,#N/A,106,61,118,48,9,17.4,12.7,54,38.49,29.7,6.3,23.4,13.2,22,22.7,12.9,408,87,0,93,239,5,11,227,289,7.7,0.4,39,26,15.1,216.6177521,0.561361378,220.5442415,0.386880696,0.377592976,0.47496736,71,0,5,0.966371131,,0.134100005,0.108099997,0.102499999,0.092299998,0.11795,0.230800003,0.275700003,0.275150001,0.304199994,0.103600003,0.0013,0.197050005,0.1153,7.674538757,0,0,0,Fully submerged,Submerged 30-60cm,Pit or ravine,image-14_21_33.jpg
POUR_5,34.108366,-118.246506,W soft bottom,Bowtie Parcel,river,river,Water (DB),Bowtie Parcel_river_river,#N/A,64,83,91,38,10,18.3,12.1,54,35.65,29.9,7.6,22.3,14.4,22.5,23.2,14,393,89,0,100,250,5,13,228,289,7.5,0.4,45,24,14.1,109.3302994,2.697985542,215.5581309,0.143197536,0.154821261,0.163257495,23,41,1,0.951796844,,0.189199999,0.171350002,0.176149994,0.189999998,0.203449994,0.235750005,0.257499993,0.241050005,0.266099989,0.073100001,0.0013,0.255899996,0.210150003,6.400651349,0,0,0,Fully submerged,Submerged 3-30cm,Slope/slant,image-13_41_32.jpg
POUR_6,34.107994,-118.245945,W soft bottom,Bowtie Parcel,river,river,Water (DB),Bowtie Parcel_river_river,#N/A,85,86,86,33,6,18.3,12.1,54,35.65,29.9,7.6,22.3,14.4,22.5,23.2,14,393,89,0,100,250,5,13,228,289,7.6,0.4,46,24,14.2,109.3302994,2.697985542,204.4573843,0.163236991,0.180269123,0.150784969,23,53,3,0.951802259,-0.642073063,0.171900004,0.147149995,0.144500002,0.150000006,0.172299996,0.2192,0.247199997,0.2359,0.262349993,0.072449997,0.0013,0.229399994,0.170499995,10.71985801,0,0,0,Fully submerged,Submerged 3-30cm,Basin/wash,image-13_56_36.jpg
POUR_7,34.108309,-118.246849,W soft bottom,Bowtie Parcel,river,river,Water (DB),Bowtie Parcel_river_river,#N/A,#N/A,19,20,6,7,18.3,12.1,54,35.65,29.9,7.6,22.3,14.4,22.5,23.2,14,393,89,0,100,250,5,13,228,289,7.5,0.4,45,24,14.1,109.3302994,2.433816321,215.5581309,0.143197536,0.187691493,0.167162761,23,41,1,0.952909974,-0.249527591,0.17385,0.168249995,0.171000004,0.181449994,0.193299994,0.220349997,0.242200002,0.227050006,0.251549989,0.0669,0.0012,0.237749994,0.196950004,12.80286484,0,0,0,Fully submerged,Submerged 3-30cm,Basin/wash,image-14_14_40.jpg
POUR_8,34.108408,-118.247035,W soft bottom,Bowtie Parcel,river,river,Water (PN),Bowtie Parcel_river_river,#N/A,100,166,85,60,11,18.3,12.1,54,35.65,29.9,7.6,22.3,14.4,22.5,23.2,14,393,89,0,100,250,5,13,228,289,7.5,0.4,45,24,14.1,109.3302994,1.974585106,218.0055445,0.143197536,0.187691493,0.167162761,23,41,1,0.952909974,0.2588184,0.17385,0.168249995,0.171000004,0.181449994,0.193299994,0.220349997,0.242200002,0.227050006,0.251549989,0.0669,0.0012,0.237749994,0.196950004,11.4209716,0,0,0,Fully submerged,Submerged 3-30cm,Enclosed water Basin/wash,image-13_29_38.jpg
POUR_9,34.107966,-118.246193,W soft bottom,Bowtie Parcel,river,river,Water (PN),Bowtie Parcel_river_river,#N/A,119,82,86,32,10,18.3,12.1,54,35.65,29.9,7.6,22.3,14.4,22.5,23.2,14,393,89,0,100,250,5,13,228,289,7.6,0.4,46,24,14.2,109.3302994,2.697985542,215.5581309,0.163236991,0.180269123,0.163257495,23,53,3,0.951802259,#N/A,0.171200007,0.141249999,0.140400007,0.139799997,0.161249995,0.2183,0.247199997,0.2359,0.262349993,0.069799997,0.0013,0.208100006,0.155300006,12.12941513,0,0,0,Fully submerged,Submerged 3-30cm,Basin/wash,image-14_6_11.jpg
POUR_14,33.843588,-118.206254,W soft bottom,Compton Creek,tributary,pool,Water (DB),Compton Creek_tributary_pool,3,26,85,32,10,6,17.9,10.9,53,33.17,28.3,7.8,20.5,14.3,21.7,22.4,13.9,322,72,0,98,195,3,8,188,289,7.7,0.4,37,31,14.9,13.82365608,1.149115279,167.7910982,0.125849098,0.181945439,0.267514795,24,75,4,0.959758167,,0.184100002,0.156350002,0.154949993,0.154550001,0.170049995,0.208900005,0.237599999,0.233250007,0.259149998,0.066600002,0.0012,0.209299996,0.164250001,13.97008243,0,0,0,Fully submerged,Below top 3cm soil or sediment,Basin/wash,image-12_1_9.jpg
POUR_17,33.842937,-118.205609,W soft bottom,Compton Creek,tributary,stream,Water (PN),Compton Creek_tributary_stream,8,60,61,40,22,13,17.9,10.9,53,33.17,28.3,7.8,20.5,14.3,21.7,22.4,13.9,322,72,0,98,195,3,8,188,289,7.7,0.2,38,32,15.4,13.16960049,1.828070928,106.5315388,0.146000654,0.181945439,0.267514795,22,48,4,0.952794391,,0.160600007,0.152150005,0.152899995,0.154550001,0.173199996,0.238000005,0.269300014,0.262499988,0.289050013,0.072899997,0.0012,0.236399993,0.179900005,4.806353217,33.843087,-118.205691,7.012802615,Fully submerged,Submerged 3-30cm,Basin/wash,image-10_45_19.jpg
POUR_16,33.843397,-118.205959,W soft bottom,Compton Creek,tributary,pool,Water (PN),Compton Creek_tributary_pool,12,89,48,57,27,11,17.9,10.9,53,33.17,28.3,7.8,20.5,14.3,21.7,22.4,13.9,322,72,0,98,195,3,8,188,289,7.7,0.4,37,31,14.9,13.64750767,1.828070928,167.7910982,0.125849098,0.181945439,0.267514795,24,70,4,0.959758167,,0.168799996,0.156350002,0.154949993,0.154550001,0.170049995,0.227149993,0.254900008,0.243399993,0.270350009,0.066600002,0.0012,0.220449999,0.164250001,11.35399541,33.84337,-118.20598,9.688715762,Fully submerged,Submerged 3-30cm,Basin/wash,image-12_14_35.jpg
POUR_18,34.084725,-118.227931,W concrete channel,Elysian Valley,river,river,Water (DB),Elysian Valley_river_river,#N/A,91,55,62,20,#N/A,18.3,12,54,35.86,29.9,7.7,22.2,14.4,22.5,23.2,14.1,397,91,0,99,255,5,13,232,149,7.5,0.4,45,24,13.9,91.80513763,1.833825514,229.8444529,0.192536041,0.21087099,0.260294676,23,58,10,0.964237178,,0.167500004,0.153899997,0.150450006,0.150800005,0.162450001,0.203150004,0.222599998,0.211449996,0.229650006,0.06425,0.0012,0.194100007,0.142649993,9.37812605,0,0,0,Fully submerged,Submerged 60cm-2m,Enclosed water,image-10_3_6.jpg
POUR_19,34.084749,-118.227965,W concrete channel,Elysian Valley,river,river,Water (DB),Elysian Valley_river_river,#N/A,134,141,59,41,9,18.3,12,54,35.86,29.9,7.7,22.2,14.4,22.5,23.2,14.1,397,91,0,99,255,5,13,232,149,7.5,0.4,45,24,13.9,91.80513763,1.833825514,229.8444529,0.192536041,0.265818794,0.260294676,23,57.5,10,0.969540505,,0.163975,0.153899997,0.150450006,0.150800005,0.162450001,0.203150004,0.222599998,0.211449996,0.229650006,0.06425,0.0012,0.194100007,0.142649993,10.0920868,0,0,0,Fully submerged,Top layer (top 3cm) soil or sediment,Open water,NA
POUR_20,34.084783,-118.227988,W concrete channel,Elysian Valley,river,river,Water (PN),Elysian Valley_river_river,9,84,58,68,45,13,18.3,12,54,35.86,29.9,7.7,22.2,14.4,22.5,23.2,14.1,397,91,0,99,255,5,13,232,149,7.5,0.4,45,24,13.8,91.80513763,1.833825514,229.8444529,0.192536041,0.21087099,0.260294676,23,58,10,0.964237178,,0.167500004,0.153899997,0.150450006,0.150800005,0.164000005,0.203150004,0.222599998,0.211449996,0.229650006,0.06425,0.0012,0.197050005,0.142649993,9.300893007,0,0,0,Fully submerged,Top layer (top 3cm) soil or sediment,Open water Other,image-9_55_6.jpg
POUR_21,34.084811,-118.228091,W concrete channel,Elysian Valley,river,river,Water (PN),Elysian Valley_river_river,#N/A,114,90,89,66,13,18.3,12,54,35.86,29.9,7.7,22.2,14.4,22.5,23.2,14.1,397,91,0,99,255,5,13,232,149,7.5,0.4,45,24,13.8,91.80513763,1.833825514,229.8444529,0.192536041,0.21087099,0.260294676,23,58,10,0.964237178,,0.167500004,0.153899997,0.150450006,0.150800005,0.162450001,0.203150004,0.222599998,0.211449996,0.229650006,0.06425,0.0012,0.197050005,0.142649993,16.53800816,0,0,0,Fully submerged,Submerged 60cm-2m,Enclosed water Basin/wash,image-10_17_30.jpg
POUR_22,34.154628,-118.276434,W concrete channel,Glendale,tributary,wash,Water (DB),Glendale_tributary_wash,8,45,123,112,61,3,18.1,12.5,54,36.9,30.2,7.1,23.1,14.1,22.5,23.2,13.7,381,85,0,98,235,5,12,219,289,7.5,0.4,48,23,13.7,139.0814209,2.594521863,183.9014421,0.095895283,0.094276293,0.114421509,24,81,2,0.950421648,,0.174999997,0.162249997,0.159899995,0.171749994,0.175999999,0.206200004,0.228099994,0.213,0.231299996,0.059900001,0.00115,0.205699995,0.171949998,11.30738035,0,0,0,Fully submerged,Submerged 3-30cm,Slope/slant,image-13_55_14.jpg
POUR_23,34.154684,-118.276416,W concrete channel,Glendale,tributary,wash,Water (DB),Glendale_tributary_wash,7,127,126,113,57,9,18.1,12.5,54,36.9,30.2,7.1,23.1,14.1,22.5,23.2,13.7,381,85,0,98,235,5,12,219,289,7.5,0.4,48,23,13.7,139.0814209,2.683171302,183.9014421,0.095895283,0.094276293,0.114421509,24,81,2,0.950421648,,0.174999997,0.162249997,0.159899995,0.171749994,0.175999999,0.206200004,0.228049994,0.213,0.231299996,0.059900001,0.00115,0.205699995,0.171949998,11.83502199,0,0,0,Fully submerged,Submerged 3-30cm,Slope/slant,image-13_57_9.jpg
POUR_24,34.154643,-118.276535,W concrete channel,Glendale,tributary,wash,Water (PN),Glendale_tributary_wash,#N/A,97,121,118,60,10,18.1,12.5,54,36.9,30.2,7.1,23.1,14.1,22.5,23.2,13.7,381,85,0,98,235,5,12,219,289,7.5,0.4,48,23,13.7,139.0814209,2.683171302,165.7732628,0.095895283,0.094276293,0.114421509,24,81,2,0.950421648,,0.174999997,0.162249997,0.159899995,0.171749994,0.175999999,0.206200004,0.230700001,0.214949995,0.233549997,0.059900001,0.00115,0.205699995,0.171949998,10.46686685,34.154642,-118.276535,10.46686685,Fully submerged,Submerged 3-30cm,Slope/slant,image-13_39_17.jpg
POUR_25,34.154764,-118.276601,W concrete channel,Glendale,tributary,wash,Water (PN),Glendale_tributary_wash,#N/A,85,80,50,47,5,18.1,12.5,54,36.9,30.2,7.1,23.1,14.1,22.5,23.2,13.7,381,85,0,98,235,5,12,219,289,7.5,0.4,48,23,13.7,140.5574799,2.683171302,165.7732628,0.095895283,0.094276293,0.125210777,24,81,2,0.950421648,,0.174999997,0.162249997,0.159899995,0.171749994,0.175999999,0.206200004,0.230700001,0.214949995,0.233549997,0.059900001,0.00115,0.205699995,0.171949998,12.66725237,34.154755,-118.276624,9.465226813,Fully submerged,Submerged 3-30cm,Slope/slant,image-13_43_8.jpg
POUR_145,34.103374,-118.242662,W concrete channel,Glendale Narrows,river,river,Sediment,Glendale Narrows_river_river,#N/A,105,178,77,60,9,18.3,12.1,54,35.65,29.9,7.6,22.3,14.4,22.5,23.2,14,393,89,0,100,250,5,13,228,289,7.5,0.4,43,26,14.1,104.2634735,2.45940784,104.8784378,0.142484739,0.152224092,0.15654543,23,57,10,0.95432608,,0.183699995,0.184200004,0.185949996,0.202350006,0.213499993,0.237800002,0.254599988,0.238749996,0.261750013,0.074249998,0.0012,0.243499994,0.199000001,13.51438573,0,0,0,Fully submerged,Submerged 3-30cm,Basin/wash,image-11_15_54.jpg
POUR_146,34.102937,-118.242638,W concrete channel,Glendale Narrows,river,river,Sediment,Glendale Narrows_river_river,#N/A,80,92,68,26,6,18.3,12.1,54,35.65,29.9,7.6,22.3,14.4,22.5,23.2,14,393,89,0,100,250,5,13,228,289,7.5,0.4,43,26,14.1,103.6908035,2.45940784,104.8784378,0.142484739,0.156773015,0.181642726,23,57,10,0.95432608,,0.183699995,0.184200004,0.182349995,0.193599999,0.197449997,0.220750004,0.238250002,0.223450005,0.24605,0.069349997,0.0012,0.226400003,0.183899999,7.39827035,0,0,0,Fully submerged,Submerged 3-30cm,Enclosed water Rock mound,image-11_28_36.jpg
POUR_26,34.10341,-118.242673,W concrete channel,Glendale Narrows,river,river,Water (PN),Glendale Narrows_river_river,#N/A,124,135,60,45,9,18.3,12.1,54,35.65,29.9,7.6,22.3,14.4,22.5,23.2,14,393,89,0,100,250,5,13,228,289,7.5,0.4,43,26,14.1,104.2634735,2.45940784,104.8784378,0.142484739,0.152224092,0.15654543,23,57,10,0.95432608,,0.183699995,0.184200004,0.185949996,0.202350006,0.213499993,0.237800002,0.254599988,0.238749996,0.261750013,0.074249998,0.0012,0.243499994,0.199000001,9.08257045,0,0,0,Fully submerged,Top layer (top 3cm) soil or sediment,Open water,image-12_15_57.jpg
POUR_27,34.10329,-118.242672,W concrete channel,Glendale Narrows,river,river,Water (PN),Glendale Narrows_river_river,#N/A,100,75,86,61,10,18.3,12.1,54,35.65,29.9,7.6,22.3,14.4,22.5,23.2,14,393,89,0,100,250,5,13,228,289,7.5,0.4,43,26,14.1,104.2634735,2.45940784,104.8784378,0.142484739,0.152224092,0.17475082,23,57,10,0.95432608,,0.183699995,0.184200004,0.182349995,0.193599999,0.197449997,0.220750004,0.238250002,0.223450005,0.24605,0.069349997,0.0012,0.240899995,0.199000001,8.839298196,0,0,0,Fully submerged,Top layer (top 3cm) soil or sediment,Open water,image-12_17_5.jpg
K0593_K6,34.202727,-118.237697,soft bottom,Verdugo Wash,tributary,wash,Sediment,Verdugo Wash_tributary_wash,13,86,159,71,51,3,17.3,14.1,52,45.19,31.9,4.9,27,12.5,22.9,23.6,12,495,104,1,92,290,7,16,270,17,6.9,0.4,55,16,14.7,345.0964355,12.30489293,75.9419187,0.263142467,0.233865851,0.42987594,21,9,8,0.953644847,,0.158450007,0.13515,0.134149998,0.148499995,0.168050006,0.224999994,0.260650009,0.257050008,0.287050009,0.085649997,0.00125,0.259149998,0.189600006,5,0,0,0,Fully submerged,Top layer (top 3cm) soil or sediment,Open water,image-12_12_0.jpg
K0593_M8,34.202477,-118.237538,soft bottom,Verdugo Wash,tributary,wash,Sediment,Verdugo Wash_tributary_wash,14,43,97,73,26,7,17.3,14.1,52,45.19,31.9,4.9,27,12.5,22.9,23.6,12,495,104,1,92,290,7,16,270,17,6.9,0.4,55,16,14.7,345.0964355,12.30489293,73.26962881,0.263142467,0.233865851,0.49912858,21,9,8,0.956546653,,0.149749994,0.131249994,0.131799996,0.1435,0.164299995,0.221750006,0.260650009,0.257050008,0.287050009,0.085649997,0.00125,0.259149998,0.189600006,10,0,0,0,Fully submerged,Top layer (top 3cm) soil or sediment,Open water,image-12_0_44.jpg
K0595_K6,34.203021,-118.237799,soft bottom,Verdugo Wash,tributary,wash,Sediment,Verdugo Wash_tributary_wash,7,77,137,103,46,#N/A,17.3,14.1,52,45.19,31.9,4.9,27,12.5,22.9,23.6,12,495,104,1,92,290,7,16,270,17,6.9,0.4,55,16,14.7,345.0964355,12.30489293,75.9419187,0.250159234,0.233865851,0.294635385,22,17,8,0.953644847,,0.162,0.150999993,0.155650005,0.165250003,0.182099998,0.225199997,0.256350011,0.248500004,0.274549991,0.085649997,0.00125,0.259149998,0.189600006,10,0,0,0,Fully submerged,Top layer (top 3cm) soil or sediment,Open water,image-12_26_29.jpg
K0596_K6,34.203855,-118.237912,soft bottom,Verdugo Wash,tributary,wash,Sediment,Verdugo Wash_tributary_wash,12,97,152,77,41,12,17.3,14.1,52,45.19,31.9,4.9,27,12.5,22.9,23.6,12,495,104,1,92,290,7,16,270,149,7.1,0.8,44,20,13.6,345.0964355,12.30489293,75.9419187,0.233277857,0.223249425,0.253009021,22,29,6,0.956581683,,0.165299997,0.156149998,0.156900004,0.162750006,0.175050005,0.225199997,0.254400015,0.247250006,0.273550004,0.0788,0.00125,0.245250002,0.189799994,7.591089956,0,0,0,Fully submerged,Submerged 3-30cm,Basin/wash Pit or ravine,image-12_19_49.jpg
K0597_C3,34.203221,-118.237863,soft bottom,Verdugo Wash,tributary,wash,Sediment,Verdugo Wash_tributary_wash,8,86,188,91,61,3,17.3,14.1,52,45.19,31.9,4.9,27,12.5,22.9,23.6,12,495,104,1,92,290,7,16,270,149,7.1,0.8,46,20,13.7,345.0964355,12.30489293,75.9419187,0.250159234,0.233865851,0.294635385,22,17,8,0.956581683,,0.162,0.150999993,0.155650005,0.171299994,0.189150006,0.232099995,0.256350011,0.248500004,0.273550004,0.085649997,0.0013,0.259149998,0.189600006,7.417943948,0,0,0,Fully submerged,Submerged 3-30cm,Flat land/terrace,image-12_4_3.jpg
POUR_28,33.763026,-118.202279,soft bottom,Long Beach,tributary,reserve,Water (DB),Long Beach_tributary_reserve,2,5,13,#N/A,4,#N/A,17.7,10.5,53,32.42,27.8,8,19.8,14.2,21.5,22.2,13.9,305,69,0,95,180,3,8,177,148,7.6,0.8,47,25,12.7,1.990004063,2.291024131,230.2550228,-0.209399492,-0.06797591,0.135172203,21,21,8,0.969563265,,0.136350006,0.107950002,0.090999998,0.071850002,0.080949999,0.09065,0.097850002,0.089500003,0.098700002,0.024599999,8.00E-04,0.077349998,0.053849999,13.79940771,0,0,0,Fully submerged,Submerged 3-30cm,Enclosed water Basin/wash Rocky shore,image-13_15_40.jpg
POUR_29,33.762807,-118.2022,soft bottom,Long Beach,river,river,Water (DB),Long Beach_river_river,#N/A,#N/A,13,10,#N/A,4,17.7,10.5,53,32.42,27.8,8,19.8,14.2,21.5,22.2,13.9,305,69,0,95,180,3,8,177,148,7.6,0.8,47,25,12.7,1.990004063,2.291024131,230.2550228,-0.209399492,-0.06797591,0.135172203,11,12,8,0.969563265,,0.136350006,0.107950002,0.090999998,0.071850002,0.080949999,0.09065,0.097850002,0.089500003,0.098700002,0.024599999,8.00E-04,0.077349998,0.053849999,9.042329037,0,0,0,Fully submerged,Submerged 3-30cm,Estuary (partially enclosed) Rocky shore,image-13_26_6.jpg
POUR_31,33.762799,-118.202215,soft bottom,Long Beach,river,river,Water (DB),Long Beach_river_river,#N/A,99,87,85,28,12,17.7,10.5,53,32.42,27.8,8,19.8,14.2,21.5,22.2,13.9,305,69,0,95,180,3,8,177,148,7.6,0.8,47,25,12.7,1.990004063,2.291024131,230.2550228,-0.209399492,-0.06797591,0.135172203,11,12,8,0.969563265,,0.136350006,0.107950002,0.087800004,0.0638,0.061749998,0.058649998,0.060199998,0.052749999,0.055849999,0.024599999,8.00E-04,0.04645,0.034049999,9.802842166,0,0,0,Fully submerged,Submerged 3-30cm,Enclosed water Rock mound,image-13_21_45.jpg
POUR_30,33.762908,-118.202197,soft bottom,Long Beach,tributary,reserve,Water (DB),Long Beach_tributary_reserve,11,117,129,60,30,13,17.7,10.5,53,32.42,27.8,8,19.8,14.2,21.5,22.2,13.9,305,69,0,95,180,3,8,177,148,7.6,0.8,47,25,12.7,1.990004063,2.572997213,230.2550228,-0.209399492,-0.06797591,0.135172203,11,12,8,0.969563265,,0.136350006,0.107950002,0.090999998,0.071850002,0.080949999,0.09065,0.097850002,0.089500003,0.098700002,0.024599999,8.00E-04,0.077349998,0.053849999,11.70048396,0,0,0,Fully submerged,Submerged 3-30cm,Estuary (partially enclosed) Basin/wash,image-13_27_37.jpg
POUR_32,33.762815,-118.20225,soft bottom,Long Beach,river,river,Water (PN),Long Beach_river_river,8,75,64,52,27,7,17.7,10.5,53,32.42,27.8,8,19.8,14.2,21.5,22.2,13.9,305,69,0,95,180,3,8,177,148,7.6,0.8,47,25,12.7,1.990004063,2.291024131,230.2550228,-0.209399492,-0.06797591,0.135172203,11,12,8,0.969563265,,0.136350006,0.107950002,0.090999998,0.071850002,0.080949999,0.09065,0.097850002,0.089500003,0.098700002,0.024599999,8.00E-04,0.077349998,0.053849999,15.45628512,0,0,0,Fully submerged,Submerged 30-60cm,Enclosed water Estuary (partially enclosed),image-12_52_50.jpg
POUR_33,33.762834,-118.202466,soft bottom,Long Beach,tributary,reserve,Water (PN),Long Beach_tributary_reserve,3,29,52,37,38,8,17.7,10.5,53,32.42,27.8,8,19.8,14.2,21.5,22.2,13.9,305,69,0,95,180,3,8,177,148,7.6,0.8,47,26,12.7,0.463339716,2.291024131,230.2550228,-0.209739909,-0.06797591,0.051565517,11,9,6,0.972779633,,0.136350006,0.104050003,0.083300002,0.058200002,0.052949999,0.046149999,0.045449998,0.039799999,0.040199999,0.0199,7.50E-04,0.02675,0.02025,9.577448476,0,0,0,Fully submerged,Submerged 3-30cm,Estuary (partially enclosed),image-12_57_41.jpg
POUR_35,33.988062,-118.1726,concrete channel,Maywood,river,river,Water (DB),Maywood_river_river,#N/A,106,174,66,36,15,18.2,11.8,54,34.76,29.5,7.7,21.8,14.5,22.3,23,14.1,363,82,0,98,228,4,11,209,289,7.6,0.2,48,21,15,40.47600937,2.108022863,214.4349263,0.180179447,0.146613024,0.116925858,23,60,3,0.954661379,,0.173600003,0.162900001,0.162599996,0.161249995,0.175349995,0.195449993,0.209749997,0.194749996,0.206100002,0.05675,0.0012,0.181500003,0.150749996,6.532266854,0,0,0,Fully submerged,Submerged 3-30cm,Basin/wash,image-15_44_55.jpg
POUR_34,33.986879,-118.171764,concrete channel,Maywood,river,river,Water (DB),Maywood_river_river,#N/A,110,87,91,49,10,18.2,11.8,54,34.76,29.5,7.7,21.8,14.5,22.3,23,14.1,363,82,0,98,228,4,11,209,289,7.6,0.4,43,25,15,39.85015106,1.386645281,71.23363819,0.164839596,0.137436127,0.150242567,23,67,3,0.950900058,,0.166850001,0.146300003,0.140650004,0.129999995,0.149550006,0.175600007,0.191699997,0.180299997,0.191699997,0.05675,0.0012,0.158549994,0.119099997,11.95639236,0,0,0,Fully submerged,Submerged 3-30cm,Basin/wash,image-16_1_26.jpg
POUR_37,33.986352,-118.171709,concrete channel,Maywood,river,river,Water (PN),Maywood_river_river,12,100,46,80,52,17,18.2,11.8,54,34.76,29.5,7.7,21.8,14.5,22.3,23,14.1,363,82,0,98,228,4,11,209,289,7.5,0.2,39,29,14.7,39.85015106,1.386645281,71.23363819,0.164839596,0.137436127,0.150242567,23,67,4,0.950900058,,0.169499993,0.146300003,0.140650004,0.129999995,0.149550006,0.19675,0.212500006,0.199650005,0.214100003,0.05675,0.0012,0.202800006,0.136449993,12.13553451,33.98678,-118.171628,9.17240936,Fully submerged,Submerged 3-30cm,Basin/wash,image-15_59_49.jpg
POUR_36,33.987131,-118.171942,concrete channel,Maywood,river,river,Water (PN),Maywood_river_river,11,101,89,63,57,15,18.2,11.8,54,34.76,29.5,7.7,21.8,14.5,22.3,23,14.1,363,82,0,98,228,4,11,209,289,7.6,0.4,43,25,15,39.85015106,1.625512597,214.4349263,0.168034911,0.137436127,0.150242567,23,60,3,0.950900058,,0.166850001,0.135000005,0.133300006,0.12545,0.147499993,0.175600007,0.191699997,0.180299997,0.191699997,0.05675,0.0012,0.158549994,0.119099997,6.300982593,33.987576,-118.172222,6.470564637,Fully submerged,Submerged 3-30cm,Basin/wash,image-16_13_7.jpg
POUR_38,34.168766,-118.474734,soft bottom,Sepulveda Dam,tributary,creek,Water (DB),Sepulveda Dam_tributary_creek,#N/A,103,65,74,38,#N/A,17.4,12.5,54,37.35,29.5,6.5,23,13.4,21.9,22.6,13.1,399,86,0,94,234,5,11,223,289,7.5,0.4,38,29,15,207.1161499,1.53211883,239.7437949,0.257799864,0.230356277,0.421449751,71,1,9,0.956604694,,0.154100001,0.143549994,0.145999998,0.158649996,0.178049996,0.205650002,0.237350002,0.241799995,0.273600012,0.083400004,0.0013,0.268700004,0.178599998,9.338761844,0,0,0,Fully submerged,Submerged 3-30cm,Basin/wash,image-9_2_13.jpg
POUR_39,34.168679,-118.474953,soft bottom,Sepulveda Dam,river,river,Water (DB),Sepulveda Dam_river_river,#N/A,145,176,62,50,12,17.4,12.5,54,37.35,29.5,6.5,23,13.4,21.9,22.6,13.1,399,86,0,94,234,5,11,223,289,7.5,0.4,38,29,15,206.2722015,1.53211883,239.7437949,0.268149018,0.240101073,0.420936078,71,1,7,0.956604694,,0.154100001,0.143549994,0.145999998,0.158649996,0.178049996,0.218199998,0.248649999,0.251199991,0.280800015,0.083400004,0.0013,0.238900006,0.177000001,7.655938975,0,0,0,Fully submerged,Submerged 3-30cm,Basin/wash,image-9_18_49.jpg
POUR_41,34.168674,-118.474865,soft bottom,Sepulveda Dam,tributary,creek,Water (PN),Sepulveda Dam_tributary_creek,#N/A,87,73,88,40,12,17.4,12.5,54,37.35,29.5,6.5,23,13.4,21.9,22.6,13.1,399,86,0,94,234,5,11,223,289,7.5,0.4,38,29,15,207.1161499,1.53211883,239.7437949,0.257799864,0.230356277,0.421449751,71,1,9,0.956604694,,0.154100001,0.143549994,0.145999998,0.158649996,0.178049996,0.218199998,0.248649999,0.251199991,0.280800015,0.083400004,0.0013,0.238900006,0.177000001,8.098448411,34.168696,-118.474848,6.270957617,Fully submerged,Submerged 3-30cm,Basin/wash,image-8_50_45.jpg
POUR_40,34.168698,-118.474929,soft bottom,Sepulveda Dam,river,river,Water (PN),Sepulveda Dam_river_river,#N/A,106,69,83,39,10,17.4,12.5,54,37.35,29.5,6.5,23,13.4,21.9,22.6,13.1,399,86,0,94,234,5,11,223,289,7.5,0.4,38,29,15,206.2722015,1.53211883,239.7437949,0.257799864,0.230356277,0.420936078,71,1,7,0.956604694,,0.154100001,0.143549994,0.145999998,0.158649996,0.178049996,0.218199998,0.248649999,0.251199991,0.280800015,0.083400004,0.0013,0.238900006,0.177000001,8.524254848,34.169007,-118.475205,9.609913298,Fully submerged,Submerged 3-30cm,Basin/wash,image-9_25_43.jpg
POUR_42,34.258182,-118.386686,concrete channel,Tujunga Wash,tributary,wash,Water (DB),Tujunga Wash_tributary_wash,#N/A,62,172,91,67,#N/A,17.4,13.8,52,43.23,31.3,5.1,26.2,12.6,22.7,23.3,12.2,395,86,0,93,227,5,12,217,289,7.6,0.4,45,24,15.2,295.604126,1.893139281,220.2633469,0.182027996,0.149589382,0.201661915,21,15,3,0.9481553,,0.170450002,0.151999995,0.160500005,0.165849999,0.189400002,0.245000005,0.274699986,0.270900011,0.301899999,0.073200002,0.0014,0.281749994,0.216150001,9.265876374,0,0,0,Fully submerged,Submerged 3-30cm,Pit or ravine Flat land/terrace,image-10_46_35.jpg
POUR_43,34.257855,-118.386887,concrete channel,Tujunga Wash,tributary,wash,Water (DB),Tujunga Wash_tributary_wash,9,68,88,44,39,#N/A,17.4,13.8,52,43.23,31.3,5.1,26.2,12.6,22.7,23.3,12.2,395,86,0,93,227,5,12,217,289,7.6,0.4,45,24,15.2,294.8016357,1.893139281,220.2633469,0.265308738,0.260217558,0.331877321,21,15,4,0.955183374,,0.157299995,0.142800003,0.148849994,0.156149998,0.181500003,0.255950004,0.296099991,0.287299991,0.321399987,0.087800004,0.0014,0.281749994,0.211549997,5.237951303,0,0,0,Fully submerged,Submerged 3-30cm,Basin/wash Pit or ravine,image-10_58_4.jpg
POUR_44,34.258077,-118.386749,concrete channel,Tujunga Wash,tributary,wash,Water (PN),Tujunga Wash_tributary_wash,7,112,123,30,35,14,17.4,13.8,52,43.23,31.3,5.1,26.2,12.6,22.7,23.3,12.2,395,86,0,93,227,5,12,217,289,7.6,0.4,45,24,15.2,295.604126,1.893139281,220.2633469,0.182027996,0.149589382,0.201661915,21,15,3,0.9481553,,0.170450002,0.151999995,0.160500005,0.165849999,0.189400002,0.255950004,0.296099991,0.287299991,0.321399987,0.073200002,0.0014,0.281749994,0.211549997,7.988064408,34.258106,-118.386734,6.075655975,Fully submerged,Submerged 3-30cm,Pit or ravine Flat land/terrace,image-10_45_12.jpg
POUR_45,34.257493,-118.38691,concrete channel,Tujunga Wash,tributary,wash,Water (PN),Tujunga Wash_tributary_wash,7,68,93,59,28,14,17.4,13.8,52,43.23,31.3,5.1,26.2,12.6,22.7,23.3,12.2,395,86,0,93,227,5,12,217,289,7.6,0.4,45,24,15.2,294.8016357,1.893139281,220.2633469,0.265308738,0.260217558,0.331877321,21,20,5,0.955183374,,0.157299995,0.142800003,0.148849994,0.156149998,0.181500003,0.262400001,0.301099986,0.300399989,0.330350012,0.087800004,0.0014,0.281749994,0.211549997,10.87146089,34.258054,-118.386755,9.196622958,Fully submerged,Submerged 3-30cm,Pit or ravine Flat land/terrace,image-11_10_31.jpg
POUR_46,34.203225,-118.237888,concrete channel,Verdugo Wash,tributary,wash,Water (DB),Verdugo Wash_tributary_wash,13,64,115,54,53,10,17.3,14.1,52,45.19,31.9,4.9,27,12.5,22.9,23.6,12,495,104,1,92,290,7,16,270,149,7.1,0.8,46,20,13.7,345.0964355,12.30489293,75.9419187,0.250159234,0.233865851,0.294635385,22,17,8,0.953644847,,0.162,0.150999993,0.155650005,0.171299994,0.189150006,0.232099995,0.256350011,0.248500004,0.273550004,0.085649997,0.0013,0.259149998,0.189600006,9.623632349,0,0,0,Fully submerged,Submerged 3-30cm,Pit or ravine Flat land/terrace,image-12_27_44.jpg
POUR_48,34.2026,-118.237601,concrete channel,Verdugo Wash,tributary,wash,Water (PN),Verdugo Wash_tributary_wash,13,76,76,101,47,8,17.3,14.1,52,45.19,31.9,4.9,27,12.5,22.9,23.6,12,495,104,1,92,290,7,16,270,17,6.9,0.4,55,16,14.7,345.0964355,12.30489293,75.9419187,0.263142467,0.233865851,0.49912858,21,9,8,0.953644847,,0.149749994,0.131249994,0.131799996,0.148499995,0.168050006,0.2227,0.260650009,0.257050008,0.287050009,0.085649997,0.00125,0.259149998,0.189600006,6.682240595,34.20268,-118.237541,9.606440113,Fully submerged,Submerged 3-30cm,Basin/wash,image-12_29_9.jpg
POUR_49,34.203045,-118.237733,concrete channel,Verdugo Wash,tributary,wash,Water (PN),Verdugo Wash_tributary_wash,11,62,86,16,8,6,17.3,14.1,52,45.19,31.9,4.9,27,12.5,22.9,23.6,12,495,104,1,92,290,7,16,270,149,7,0.8,47,20,13.9,345.0964355,12.30489293,75.9419187,0.250159234,0.233865851,0.294635385,22,17,8,0.956546653,,0.162,0.150999993,0.155650005,0.165250003,0.182099998,0.225199997,0.256350011,0.248500004,0.274549991,0.085649997,0.00125,0.259149998,0.189600006,10.01844929,34.203052,-118.237747,5.66341326,Fully submerged,Submerged 3-30cm,Basin/wash Rock mound,image-12_35_16.jpg
K0595_B2,34.203593,-118.166448,soft bottom,Arroyo Seco,tributary,creek,Sediment,Arroyo Seco_tributary_creek,7,125,122,199,68,#N/A,17.2,14.4,51,46.21,32.3,4.6,27.7,12.3,23,23.6,11.8,530,110,1,92,311,7,17,289,289,7.2,0.6,45,24,14.8,349.7644043,12.62772049,130.2226705,0.391154796,0.382105786,0.480340451,52,3,12,0.971007009,,0.130950004,0.114050001,0.109099999,0.106849998,0.126750007,0.219150007,0.259600013,0.259600013,0.290850013,0.087099999,0.00125,0.227349997,0.137250006,11.01471456,0,0,0,"Terrestrial habitat, not submerged",Top layer (top 3cm) soil or sediment,Slope/slant Basin/wash,image-14_47_20.jpg
K0595_L7,34.203567,-118.166415,soft bottom,Arroyo Seco,tributary,creek,Sediment,Arroyo Seco_tributary_creek,3,103,134,157,83,4,17.2,14.4,51,46.21,32.3,4.6,27.7,12.3,23,23.6,11.8,530,110,1,92,311,7,17,289,289,7.2,0.6,45,24,14.8,349.7644043,12.62772049,130.2226705,0.391154796,0.382105786,0.480340451,52,3,12,0.971007009,,0.130950004,0.114050001,0.109099999,0.106849998,0.126750007,0.219150007,0.259600013,0.259600013,0.290850013,0.087099999,0.00125,0.227349997,0.137250006,10.81479453,0,0,0,"Terrestrial habitat, not submerged",Top layer (top 3cm) soil or sediment,Slope/slant Basin/wash,image-14_43_7.jpg
K0599_L7,34.20331,-118.166408,soft bottom,Arroyo Seco,tributary,creek,Sediment,Arroyo Seco_tributary_creek,2,71,146,104,89,6,17.2,14.4,51,46.21,32.3,4.6,27.7,12.3,23,23.6,11.8,530,110,1,92,311,7,17,289,289,7.2,0.6,45,24,14.8,343.4212646,10.36047218,145.8708029,0.369589388,0.333258604,0.449699283,52,3,9,0.96930333,,0.153600007,0.125249997,0.1228,0.123149998,0.147200003,0.219150007,0.259600013,0.259600013,0.290850013,0.087099999,0.00125,0.229699999,0.155900002,10.1722944,0,0,0,Frequently submerged or intertidal or marsh,Top layer (top 3cm) soil or sediment,Slope/slant Basin/wash,image-14_34_52.jpg
K0585_T9,34.203154,-118.166402,soft bottom,Arroyo Seco,tributary,creek,Sediment,Arroyo Seco_tributary_creek,6,93,150,143,91,#N/A,17.2,14.4,51,46.21,32.3,4.6,27.7,12.3,23,23.6,11.8,530,110,1,92,311,7,17,289,289,7.2,0.6,46,22,14.8,343.4212646,10.36047218,214.5359217,0.369589388,0.333258604,0.449699283,52,3,9,0.96930333,,0.153600007,0.125249997,0.1228,0.123149998,0.147200003,0.219150007,0.259600013,0.259600013,0.290850013,0.087099999,0.00125,0.229699999,0.155900002,7.74420712,0,0,0,Frequently submerged or intertidal or marsh,Top layer (top 3cm) soil or sediment,Slope/slant Basin/wash,image-14_29_47.jpg
K0597_M8,34.20375,-118.166481,soft bottom,Arroyo Seco,tributary,creek,Sediment,Arroyo Seco_tributary_creek,5,77,158,92,52,4,17.2,14.4,51,46.21,32.3,4.6,27.7,12.3,23,23.6,11.8,530,110,1,92,311,7,17,289,289,7.2,0.6,45,24,14.7,363.1646423,12.62772049,130.2226705,0.391154796,0.382105786,0.480340451,52,3,12,0.971007009,,0.130950004,0.114050001,0.109099999,0.106849998,0.126750007,0.219150007,0.259600013,0.259600013,0.290850013,0.087099999,0.00125,0.227349997,0.137250006,10.03452251,0,0,0,"Terrestrial habitat, not submerged",Top layer (top 3cm) soil or sediment,Slope/slant Basin/wash,image-14_52_29.jpg
K0594_E4,34.202987,-118.166335,soft bottom,Arroyo Seco,tributary,creek,Sediment,Arroyo Seco_tributary_creek,9,114,83,124,48,#N/A,17.2,14.4,51,46.21,32.3,4.6,27.7,12.3,23,23.6,11.8,530,110,1,92,311,7,17,289,289,7.2,0.6,46,22,14.8,343.4212646,10.36047218,214.5359217,0.369589388,0.333258604,0.449699283,52,3,9,0.96930333,,0.153600007,0.125249997,0.1228,0.123149998,0.147200003,0.219150007,0.259600013,0.259600013,0.290850013,0.086750001,0.00125,0.234950006,0.155900002,9.508907171,0,0,0,"Terrestrial habitat, not submerged",Top layer (top 3cm) soil or sediment,Basin/wash,image-14_22_16.jpg
K0593_C3,34.203274,-118.166417,soft bottom,Arroyo Seco,tributary,creek,Sediment,Arroyo Seco_tributary_creek,7,110,148,190,99,4,17.2,14.4,51,46.21,32.3,4.6,27.7,12.3,23,23.6,11.8,530,110,1,92,311,7,17,289,289,7.2,0.6,45,24,14.8,343.4212646,10.36047218,145.8708029,0.369589388,0.333258604,0.449699283,52,3,9,0.96930333,,0.153600007,0.125249997,0.1228,0.123149998,0.147200003,0.219150007,0.259600013,0.259600013,0.290850013,0.087099999,0.00125,0.229699999,0.155900002,8.749991943,0,0,0,"Terrestrial habitat, not submerged",Top layer (top 3cm) soil or sediment,Slope/slant Basin/wash,image-14_38_43.jpg
K0595_T9,34.204139,-118.166314,soft bottom,Arroyo Seco,tributary,creek,Sediment,Arroyo Seco_tributary_creek,8,102,103,154,52,#N/A,17.2,14.4,51,46.21,32.3,4.6,27.7,12.3,23,23.6,11.8,530,110,1,92,311,7,17,289,289,7.2,0.6,45,24,14.7,363.1646423,12.62772049,114.6805756,0.400858879,0.382094566,0.480340451,52,3,12,0.971061658,,0.130150005,0.107100002,0.103399999,0.099650003,0.126750007,0.219150007,0.259600013,0.259600013,0.290850013,0.083849996,0.0012,0.215700001,0.129549995,12.21965256,0,0,0,"Terrestrial habitat, not submerged",Top layer (top 3cm) soil or sediment,Slope/slant Basin/wash,image-15_19_38.jpg
K0526_B2,34.108161,-118.246186,soft bottom,Bowtie Parcel,river,river,Sediment,Bowtie Parcel_river_river,19,65,129,95,79,#N/A,18.3,12.1,54,35.65,29.9,7.6,22.3,14.4,22.5,23.2,14,393,89,0,100,250,5,13,228,289,7.6,0.4,46,24,14.2,109.3302994,2.697985542,215.5581309,0.143197536,0.180269123,0.163257495,23,41,2,0.951802259,,0.17385,0.168249995,0.171000004,0.181449994,0.193299994,0.220349997,0.247199997,0.2359,0.262349993,0.069799997,0.0013,0.237749994,0.196950004,5.437922737,0,0,0,Fully submerged,Below top 3cm soil or sediment,Slope/slant Basin/wash,image-13_50_4.jpg
K0679_B2,34.108278,-118.246341,soft bottom,Bowtie Parcel,river,river,Sediment,Bowtie Parcel_river_river,16,133,148,126,75,7,18.3,12.1,54,35.65,29.9,7.6,22.3,14.4,22.5,23.2,14,393,89,0,100,250,5,13,228,289,7.5,0.4,45,24,14.1,109.3302994,2.697985542,215.5581309,0.143197536,0.154821261,0.163257495,21,41,2,0.951796844,,0.189199999,0.171350002,0.176149994,0.189999998,0.203449994,0.235750005,0.257499993,0.241050005,0.266099989,0.073100001,0.0013,0.255899996,0.210150003,14.65144593,0,0,0,Fully submerged,Submerged 3-30cm,Slope/slant Basin/wash,image-13_45_12.jpg
K0672_C3,34.108433,-118.246959,soft bottom,Bowtie Parcel,river,river,Sediment,Bowtie Parcel_river_river,14,80,141,96,83,#N/A,18.3,12.1,54,35.65,29.9,7.6,22.3,14.4,22.5,23.2,14,393,89,0,100,250,5,13,228,289,7.5,0.4,45,24,14.1,109.3302994,2.433816321,218.0055445,0.143197536,0.187691493,0.167162761,23,41,1,0.952909974,,0.17385,0.168249995,0.171000004,0.181449994,0.193299994,0.220349997,0.242200002,0.227050006,0.251549989,0.0669,0.0012,0.237749994,0.196950004,15.1467413,0,0,0,Fully submerged,Submerged 3-30cm,Enclosed water Slope/slant Basin/wash,image-13_34_4.jpg
K0679_M8,34.108374,-118.246774,soft bottom,Bowtie Parcel,river,river,Sediment,Bowtie Parcel_river_river,24,111,171,139,95,6,18.3,12.1,54,35.65,29.9,7.6,22.3,14.4,22.5,23.2,14,393,89,0,100,250,5,13,228,289,7.5,0.4,45,24,14.1,109.3302994,2.433816321,215.5581309,0.143197536,0.187691493,0.167162761,23,41,1,0.952909974,,0.17385,0.168249995,0.171000004,0.181449994,0.193299994,0.220349997,0.242200002,0.227050006,0.251549989,0.0669,0.0012,0.237749994,0.196950004,18.32162071,0,0,0,Fully submerged,Submerged 3-30cm,Basin/wash,image-13_10_16.jpg
K0672_G5,34.108278,-118.246926,soft bottom,Bowtie Parcel,river,river,Sediment,Bowtie Parcel_river_river,18,156,156,123,116,12,18.3,12.1,54,35.65,29.9,7.6,22.3,14.4,22.5,23.2,14,393,89,0,100,250,5,13,228,289,7.5,0.4,45,24,14.1,109.3302994,1.974585106,215.5581309,0.143197536,0.187691493,0.167162761,23,41,1,0.952909974,,0.17385,0.168249995,0.171000004,0.181449994,0.193299994,0.220349997,0.242200002,0.227050006,0.251549989,0.0669,0.0012,0.237749994,0.196950004,5.829311791,0,0,0,Fully submerged,Submerged 3-30cm,Basin/wash,image-13_18_38.jpg
K0674_E4,34.108186,-118.246584,soft bottom,Bowtie Parcel,river,river,Sediment,Bowtie Parcel_river_river,17,80,119,127,82,#N/A,18.3,12.1,54,35.65,29.9,7.6,22.3,14.4,22.5,23.2,14,393,89,0,100,250,5,13,228,289,7.5,0.4,45,24,14.1,109.3302994,2.697985542,215.5581309,0.143197536,0.180269123,0.163257495,23,41,2,0.951802259,,0.17385,0.168249995,0.171000004,0.181449994,0.193299994,0.220349997,0.247199997,0.2359,0.262349993,0.069799997,0.0013,0.237749994,0.196950004,9.96534322,0,0,0,Fully submerged,Top layer (top 3cm) soil or sediment,Open water,image-13_4_41.jpg
K0678_E4,34.108131,-118.246003,soft bottom,Bowtie Parcel,river,river,Sediment,Bowtie Parcel_river_river,18,113,156,118,58,#N/A,18.3,12.1,54,35.65,29.9,7.6,22.3,14.4,22.5,23.2,14,393,89,0,100,250,5,13,228,289,7.6,0.4,46,24,14.2,109.3302994,2.697985542,215.5581309,0.134090036,0.135027977,0.150784969,23,53,2,0.947292722,,0.189199999,0.171350002,0.175899997,0.185249999,0.196150005,0.229049996,0.249599993,0.2359,0.262349993,0.072449997,0.0013,0.233600006,0.196099997,10.27952976,0,0,0,Fully submerged,Submerged 3-30cm,Slope/slant Basin/wash,image-13_51_46.jpg
K0529_L7,34.108149,-118.246176,soft bottom,Bowtie Parcel,river,river,Sediment,Bowtie Parcel_river_river,27,122,215,119,42,#N/A,18.3,12.1,54,35.65,29.9,7.6,22.3,14.4,22.5,23.2,14,393,89,0,100,250,5,13,228,289,7.6,0.4,46,24,14.2,109.3302994,2.697985542,215.5581309,0.143197536,0.180269123,0.163257495,23,53,2,0.951802259,,0.17385,0.168249995,0.171000004,0.181449994,0.193299994,0.220349997,0.247199997,0.2359,0.262349993,0.069799997,0.0013,0.237749994,0.196950004,7.015091198,0,0,0,Fully submerged,Submerged 3-30cm,Slope/slant Basin/wash,image-13_47_4.jpg
K0530_B2,34.181342,-118.497657,soft bottom,Bull Creek,tributary,stream,Sediment,Bull Creek_tributary_stream,21,119,104,113,89,10,17.4,12.7,54,38.49,29.7,6.3,23.4,13.2,22,22.7,12.9,408,87,0,93,239,5,11,227,289,7.6,0.4,39,26,15.1,216.687561,0.561361378,220.5442415,0.386880696,0.377592976,0.47496736,11,0,5,0.969255892,,0.134100005,0.107699998,0.102250002,0.090700001,0.11135,0.154699996,0.1796,0.176750004,0.195999995,0.100649998,0.0013,0.165749997,0.112750001,9.648000717,0,0,0,Frequently submerged or intertidal or marsh,Top layer (top 3cm) soil or sediment,Pit or ravine,2020-08-07 13.56.23-13_56_38.jpg
K0530_A1,34.181419,-118.497763,soft bottom,Bull Creek,tributary,stream,Sediment,Bull Creek_tributary_stream,31,78,118,117,103,#N/A,17.4,12.7,54,38.49,29.7,6.3,23.4,13.2,22,22.7,12.9,408,87,0,93,239,5,11,227,289,7.7,0.4,39,26,15.1,216.687561,0.560858108,220.5442415,0.386880696,0.377592976,0.47496736,71,0,5,0.966371131,,0.134100005,0.108099997,0.102499999,0.092299998,0.11795,0.230800003,0.275700003,0.275150001,0.304199994,0.103600003,0.0013,0.197050005,0.1153,8.576000214,0,0,0,Frequently submerged or intertidal or marsh,Top layer (top 3cm) soil or sediment,Pit or ravine,2020-08-07 13.31.35-13_32_11.jpg
K0528_A1,34.181558,-118.497717,soft bottom,Bull Creek,tributary,stream,Sediment,Bull Creek_tributary_stream,1,127,158,93,52,8,17.4,12.7,54,38.49,29.7,6.3,23.4,13.2,22,22.7,12.9,408,87,0,93,239,5,11,227,289,7.6,0.4,39,26,15,216.687561,0.560858108,220.5442415,0.386880696,0.377592976,0.47496736,71,0,6,0.966371131,,0.134100005,0.108099997,0.102499999,0.092299998,0.11795,0.230800003,0.275700003,0.275150001,0.304199994,0.103600003,0.0013,0.197050005,0.1153,10.25169584,0,0,0,Frequently submerged or intertidal or marsh,Top layer (top 3cm) soil or sediment,Pit or ravine,image-13_16_9.jpg
K0529_K6,34.181652,-118.497718,soft bottom,Bull Creek,tributary,pool,Sediment,Bull Creek_tributary_pool,5,77,111,115,70,#N/A,17.4,12.7,54,38.49,29.7,6.3,23.4,13.2,22,22.7,12.9,408,87,0,93,239,5,11,227,289,7.6,0.4,39,26,15,216.687561,0.560858108,220.5442415,0.355604947,0.357832518,0.433719963,71,0,6,0.966371131,,0.134100005,0.108099997,0.102499999,0.092299998,0.11795,0.234850004,0.286350012,0.286500007,0.318349987,0.103600003,0.0014,0.197050005,0.1153,10.41413192,0,0,0,Frequently submerged or intertidal or marsh,Top layer (top 3cm) soil or sediment,Pit or ravine,image-13_28_55.jpg
K0529_T9,34.181651,-118.497716,soft bottom,Bull Creek,tributary,stream,Sediment,Bull Creek_tributary_stream,5,121,147,131,63,11,17.4,12.7,54,38.49,29.7,6.3,23.4,13.2,22,22.7,12.9,408,87,0,93,239,5,11,227,289,7.6,0.4,39,26,15,216.687561,0.560858108,220.5442415,0.355604947,0.357832518,0.433719963,71,0,6,0.966371131,,0.134100005,0.108099997,0.102499999,0.092299998,0.11795,0.234850004,0.286350012,0.286500007,0.318349987,0.103600003,0.0014,0.197050005,0.1153,11.62876442,0,0,0,Fully submerged,Submerged 3-30cm,Pit or ravine,image-13_22_25.jpg
K0530_E4,34.1814,-118.497865,soft bottom,Bull Creek,tributary,stream,Sediment,Bull Creek_tributary_stream,1,69,111,67,58,#N/A,17.4,12.7,54,38.49,29.7,6.3,23.4,13.2,22,22.7,12.9,408,87,0,93,239,5,11,227,289,7.8,0.4,40,26,15.1,216.6177521,0.560858108,220.5442415,0.386880696,0.377592976,0.47496736,71,0,5,0.966371131,,0.134100005,0.108099997,0.102499999,0.092299998,0.11795,0.234850004,0.286350012,0.286500007,0.318349987,0.103600003,0.0014,0.197050005,0.1153,5.360000134,0,0,0,Frequently submerged or intertidal or marsh,Top layer (top 3cm) soil or sediment,Pit or ravine,2020-08-07 13.44.03-13_44_12.jpg
K0528_K6,34.181975,-118.497849,soft bottom,Bull Creek,tributary,pool,Sediment,Bull Creek_tributary_pool,2,67,97,68,34,#N/A,17.4,12.7,54,38.49,29.7,6.3,23.4,13.2,22,22.7,12.9,408,87,0,93,239,5,11,227,289,7.8,0.4,40,26,15,216.8607178,0.47536262,220.5442415,0.355604947,0.357832518,0.522654474,71,0,6,0.961823126,,0.134100005,0.108099997,0.102499999,0.092299998,0.11795,0.234850004,0.286350012,0.286500007,0.318349987,0.103600003,0.0014,0.197050005,0.1153,12.71518414,0,0,0,Frequently submerged or intertidal or marsh,Top layer (top 3cm) soil or sediment,Slope/slant,image-13_42_14.jpg
K0528_E4,34.182029,-118.49771,soft bottom,Bull Creek,tributary,pool,Sediment,Bull Creek_tributary_pool,15,63,112,124,75,#N/A,17.4,12.7,54,38.49,29.7,6.3,23.4,13.2,22,22.7,12.9,408,87,0,93,239,5,11,227,289,7.7,0.4,40,26,15,216.8607178,0.47536262,244.5069668,0.355604947,0.357832518,0.522654474,21,0,6,0.964171191,,0.134100005,0.108099997,0.102499999,0.092299998,0.11795,0.234850004,0.286350012,0.286500007,0.318349987,0.103600003,0.0014,0.197050005,0.1153,12.98994116,0,0,0,Frequently submerged or intertidal or marsh,Top layer (top 3cm) soil or sediment,Pit or ravine,image-13_35_16.jpg
K0528_L7,33.843055,-118.205667,soft bottom,Compton Creek,tributary,stream,Sediment,Compton Creek_tributary_stream,15,205,#N/A,#N/A,80,#N/A,17.9,10.9,53,33.17,28.3,7.8,20.5,14.3,21.7,22.4,13.9,322,72,0,98,195,3,8,188,289,7.7,0.4,37,31,14.9,13.16960049,1.828070928,106.5315388,0.146000654,0.181945439,0.267514795,22,48,4,0.952794391,,0.161050007,0.156350002,0.152899995,0.154550001,0.173199996,0.238000005,0.269300014,0.262499988,0.287900001,0.072899997,0.0012,0.236399993,0.179900005,9.266727451,0,0,0,Fully submerged,Submerged 3-30cm,Basin/wash,image-10_48_18.jpg
K0530_M8,33.843196,-118.205854,soft bottom,Compton Creek,tributary,stream,Sediment,Compton Creek_tributary_stream,11,177,147,113,99,9,17.9,10.9,53,33.17,28.3,7.8,20.5,14.3,21.7,22.4,13.9,322,72,0,98,195,3,8,188,289,7.7,0.4,37,31,14.9,13.64750767,1.828070928,167.7910982,0.109772533,0.181945439,0.267514795,22,70,4,0.959758167,,0.168799996,0.156350002,0.154949993,0.154550001,0.170049995,0.227149993,0.254900008,0.243399993,0.270350009,0.066600002,0.0012,0.220449999,0.164250001,7.545397341,0,0,0,Frequently submerged or intertidal or marsh,Top layer (top 3cm) soil or sediment,Basin/wash,image-11_28_44.jpg
K0528_G5,33.843656,-118.206466,soft bottom,Compton Creek,tributary,pool,Sediment,Compton Creek_tributary_pool,14,105,#N/A,94,#N/A,14,17.9,10.9,53,33.17,28.3,7.8,20.5,14.3,21.7,22.4,13.9,322,72,0,98,195,3,8,188,289,7.7,0.4,37,31,14.9,13.82365608,1.149115279,47.86432391,0.125849098,0.181945439,0.267514795,24,75,4,0.959758167,,0.184100002,0.156350002,0.154949993,0.154550001,0.170049995,0.195600003,0.209800005,0.19765,0.216199994,0.066600002,0.0012,0.209299996,0.164250001,8.808832939,0,0,0,Frequently submerged or intertidal or marsh,Top layer (top 3cm) soil or sediment,Basin/wash,image-11_58_3.jpg
K0529_A1,33.843196,-118.205854,soft bottom,Compton Creek,tributary,stream,Sediment,Compton Creek_tributary_stream,12,117,150,110,67,#N/A,17.9,10.9,53,33.17,28.3,7.8,20.5,14.3,21.7,22.4,13.9,322,72,0,98,195,3,8,188,289,7.7,0.4,37,31,14.9,13.64750767,1.828070928,167.7910982,0.109772533,0.181945439,0.267514795,22,70,4,0.959758167,,0.168799996,0.156350002,0.154949993,0.154550001,0.170049995,0.227149993,0.254900008,0.243399993,0.270350009,0.066600002,0.0012,0.220449999,0.164250001,7.545397341,0,0,0,Frequently submerged or intertidal or marsh,Top layer (top 3cm) soil or sediment,Basin/wash,image-11_24_2.jpg
K0530_C3,33.843311,-118.206092,soft bottom,Compton Creek,tributary,pool,Sediment,Compton Creek_tributary_pool,26,188,162,186,62,12,17.9,10.9,53,33.17,28.3,7.8,20.5,14.3,21.7,22.4,13.9,322,72,0,98,195,3,8,188,289,7.7,0.4,37,31,14.9,13.82365608,1.243516028,167.7910982,0.109772533,0.181945439,0.267514795,24,75,4,0.959758167,,0.168799996,0.156350002,0.154949993,0.154550001,0.170049995,0.227149993,0.254900008,0.243399993,0.270350009,0.066600002,0.0012,0.220449999,0.164250001,10.54247354,0,0,0,Frequently submerged or intertidal or marsh,Top layer (top 3cm) soil or sediment,Basin/wash,image-11_47_4.jpg
K0530_L7,33.842749,-118.205402,soft bottom,Compton Creek,tributary,stream,Sediment,Compton Creek_tributary_stream,19,96,136,203,64,7,17.9,10.9,53,33.17,28.3,7.8,20.5,14.3,21.7,22.4,13.9,322,72,0,98,195,3,8,188,289,7.7,0.2,38,32,15.4,13.16960049,1.756385068,106.5315388,0.195912138,0.216291542,0.267514795,22,48,7,0.952794391,,0.160850003,0.152150005,0.152899995,0.154550001,0.173199996,0.238000005,0.269300014,0.262499988,0.289050013,0.072899997,0.0012,0.236399993,0.179900005,10.51793223,0,0,0,Fully submerged,Submerged 3-30cm,Basin/wash,image-9_54_38.jpg
K0530_K6,33.842877,-118.205544,soft bottom,Compton Creek,tributary,stream,Sediment,Compton Creek_tributary_stream,18,161,159,199,74,11,17.9,10.9,53,33.17,28.3,7.8,20.5,14.3,21.7,22.4,13.9,322,72,0,98,195,3,8,188,289,7.7,0.2,38,32,15.4,13.16960049,1.828070928,106.5315388,0.146000654,0.181945439,0.267514795,22,48,4,0.952794391,,0.160600007,0.152150005,0.152899995,0.154550001,0.173199996,0.238000005,0.269300014,0.262499988,0.289050013,0.072899997,0.0012,0.236399993,0.179900005,7.912165801,0,0,0,Frequently submerged or intertidal or marsh,Top layer (top 3cm) soil or sediment,Basin/wash,image-10_17_0.jpg
K0528_T9,33.843328,-118.2061,soft bottom,Compton Creek,tributary,pool,Sediment,Compton Creek_tributary_pool,10,175,155,181,87,13,17.9,10.9,53,33.17,28.3,7.8,20.5,14.3,21.7,22.4,13.9,322,72,0,98,195,3,8,188,289,7.7,0.4,37,31,14.9,13.82365608,1.243516028,167.7910982,0.109772533,0.181945439,0.267514795,24,75,4,0.959758167,,0.168799996,0.156350002,0.154949993,0.154550001,0.170049995,0.227149993,0.254900008,0.243399993,0.270350009,0.066600002,0.0012,0.220449999,0.164250001,10.8235189,0,0,0,Frequently submerged or intertidal or marsh,Top layer (top 3cm) soil or sediment,Slope/slant Basin/wash,image-11_41_13.jpg
K0529_C3,34.083829,-118.228152,concrete channel,Elysian Valley,river,river,Sediment,Elysian Valley_river_river,24,70,147,102,48,#N/A,18.3,12,54,35.86,29.9,7.7,22.2,14.4,22.5,23.2,14.1,397,91,0,99,255,5,13,232,149,7.5,0.4,45,24,14.8,90.88279724,1.56630384,100.0691435,0.12135262,0.125455208,0.159640923,23,57,8,0.957303035,,0.162499994,0.153899997,0.150450006,0.150800005,0.162450001,0.198599994,0.209849998,0.197400004,0.213249996,0.058400001,0.00115,0.183249995,0.142649993,18.67667891,0,0,0,Fully submerged,Submerged 3-30cm,Enclosed water Basin/wash,image-9_39_58.jpg
K0677_A1,34.084482,-118.228157,concrete channel,Elysian Valley,river,river,Sediment,Elysian Valley_river_river,9,51,97,69,16,#N/A,18.3,12,54,35.86,29.9,7.7,22.2,14.4,22.5,23.2,14.1,397,91,0,99,255,5,13,232,149,7.5,0.4,45,24,14.8,90.88279724,0.848934,100.0691435,0.192536041,0.21087099,0.260294676,23,58,10,0.964237178,,0.167500004,0.153899997,0.150450006,0.150800005,0.162450001,0.203150004,0.222599998,0.211449996,0.229650006,0.06425,0.0012,0.183249995,0.142649993,13.42522246,0,0,0,Frequently submerged or intertidal or marsh,Top layer (top 3cm) soil or sediment,Basin/wash Rock mound,image-9_24_13.jpg
K0672_T9,34.084621,-118.228071,concrete channel,Elysian Valley,river,river,Sediment,Elysian Valley_river_river,1,85,143,98,35,#N/A,18.3,12,54,35.86,29.9,7.7,22.2,14.4,22.5,23.2,14.1,397,91,0,99,255,5,13,232,149,7.5,0.4,45,24,14.3,91.80513763,1.833825514,229.8444529,0.192536041,0.21087099,0.260294676,23,58,10,0.964237178,,0.167500004,0.153899997,0.150450006,0.150800005,0.162450001,0.203150004,0.222599998,0.211449996,0.229650006,0.06425,0.0012,0.183249995,0.142649993,11.76067273,0,0,0,Frequently submerged or intertidal or marsh,Top layer (top 3cm) soil or sediment,Basin/wash,image-9_1_22.jpg
K0673_A1,34.084217,-118.228066,concrete channel,Elysian Valley,river,river,Sediment,Elysian Valley_river_river,6,62,159,103,67,#N/A,18.3,12,54,35.86,29.9,7.7,22.2,14.4,22.5,23.2,14.1,397,91,0,99,255,5,13,232,149,7.5,0.4,45,24,14.8,90.88279724,1.56630384,100.0691435,0.168129891,0.21087099,0.260294676,23,58,10,0.964237178,,0.167500004,0.153899997,0.150450006,0.150800005,0.162450001,0.201049998,0.221849993,0.211250007,0.225600004,0.06075,0.0012,0.183249995,0.142649993,10.82317773,0,0,0,Frequently submerged or intertidal or marsh,Top layer (top 3cm) soil or sediment,Basin/wash Rock mound,image-9_29_15.jpg
K0673_G5,34.084227,-118.228048,concrete channel,Elysian Valley,river,river,Sediment,Elysian Valley_river_river,#N/A,#N/A,#N/A,#N/A,#N/A,#N/A,18.3,12,54,35.86,29.9,7.7,22.2,14.4,22.5,23.2,14.1,397,91,0,99,255,5,13,232,149,7.5,0.4,45,24,14.8,90.88279724,1.56630384,100.0691435,0.168129891,0.21087099,0.260294676,23,58,10,0.964237178,,0.167500004,0.153899997,0.150450006,0.150800005,0.162450001,0.201049998,0.221849993,0.211250007,0.225600004,0.06075,0.0012,0.183249995,0.142649993,6.959245776,0,0,0,Fully submerged,Submerged 3-30cm,Basin/wash Rock mound,image-9_35_20.jpg
K0676_B2,34.08449,-118.228157,concrete channel,Elysian Valley,river,river,Sediment,Elysian Valley_river_river,5,45,142,72,46,#N/A,18.3,12,54,35.86,29.9,7.7,22.2,14.4,22.5,23.2,14.1,397,91,0,99,255,5,13,232,149,7.5,0.4,45,24,14.8,90.88279724,0.848934,100.0691435,0.192536041,0.21087099,0.260294676,23,58,10,0.964237178,,0.167500004,0.153899997,0.150450006,0.150800005,0.162450001,0.203150004,0.222599998,0.211449996,0.229650006,0.06425,0.0012,0.183249995,0.142649993,17.99402219,0,0,0,Fully submerged,Submerged 3-30cm,Basin/wash Rock mound,image-9_15_53.jpg
K0674_G5,34.08455,-118.228053,concrete channel,Elysian Valley,river,river,Sediment,Elysian Valley_river_river,4,72,181,78,78,3,18.3,12,54,35.86,29.9,7.7,22.2,14.4,22.5,23.2,14.1,397,91,0,99,255,5,13,232,149,7.5,0.4,45,24,14.3,91.80513763,1.833825514,229.8444529,0.192536041,0.21087099,0.260294676,23,58,10,0.964237178,,0.167500004,0.153899997,0.150450006,0.150800005,0.162450001,0.203150004,0.222599998,0.211449996,0.229650006,0.06425,0.0012,0.183249995,0.142649993,11.95909033,0,0,0,Fully submerged,Top layer (top 3cm) soil or sediment,Basin/wash Rock mound,image-9_8_50.jpg
K0676_T9,34.084721,-118.228145,concrete channel,Elysian Valley,river,river,Sediment,Elysian Valley_river_river,4,64,124,102,65,7,18.3,12,54,35.86,29.9,7.7,22.2,14.4,22.5,23.2,14.1,397,91,0,99,255,5,13,232,149,7.5,0.4,45,24,13.8,91.80513763,1.833825514,229.8444529,0.192536041,0.21087099,0.260294676,23,58,10,0.964237178,,0.167500004,0.153899997,0.150450006,0.150800005,0.164000005,0.203150004,0.222599998,0.211449996,0.229650006,0.06425,0.0012,0.194100007,0.142649993,11.9139742,0,0,0,Fully submerged,Submerged 3-30cm,Slope/slant Basin/wash,image-8_52_35.jpg
K0596_T9,34.154973,-118.275799,concrete channel,Glendale,tributary,wash,Sediment,Glendale_tributary_wash,22,83,111,44,28,10,18.1,12.5,54,36.9,30.2,7.1,23.1,14.1,22.5,23.2,13.7,381,85,0,98,235,5,12,219,289,7.5,0.4,48,23,13.7,140.5574799,1.357260606,183.9014421,0.099957794,0.103583857,0.134001195,24,81,4,0.95078522,,0.179299995,0.170699999,0.1699,0.178749993,0.183500007,0.204400003,0.218899995,0.206599995,0.225299999,0.059900001,0.00115,0.203400001,0.175699994,11.42959743,0,0,0,Fully submerged,Submerged 3-30cm,Slope/slant Basin/wash,image-14_9_20.jpg
K0594_L7,34.15459,-118.276618,concrete channel,Glendale,tributary,wash,Sediment,Glendale_tributary_wash,12,103,160,42,38,#N/A,18.1,12.5,54,36.9,30.2,7.1,23.1,14.1,22.5,23.2,13.7,381,85,0,98,235,5,12,219,289,7.5,0.4,48,23,13.7,139.0814209,2.683171302,165.7732628,0.095895283,0.094276293,0.114421509,24,81,2,0.950421648,,0.174999997,0.162249997,0.159899995,0.171749994,0.175999999,0.206200004,0.230700001,0.214949995,0.233549997,0.059900001,0.00115,0.205699995,0.171949998,4.828794129,0,0,0,Fully submerged,Submerged 3-30cm,Slope/slant Pit or ravine,image-13_37_2.jpg
K0596_C3,34.155107,-118.275459,concrete channel,Glendale,tributary,wash,Sediment,Glendale_tributary_wash,17,109,215,92,58,2,18.1,12.5,54,36.9,30.2,7.1,23.1,14.1,22.5,23.2,13.7,381,85,0,98,235,5,12,219,289,7.5,0.4,48,23,13.7,141.4858093,1.256143569,185.8041866,0.128093272,0.137745084,0.166602299,23,81,4,0.957196151,,0.179299995,0.170699999,0.1699,0.178749993,0.183500007,0.204400003,0.218899995,0.206599995,0.225299999,0.063050002,0.0012,0.203400001,0.175699994,10.45370474,0,0,0,Fully submerged,Submerged 3-30cm,Slope/slant Flat land/terrace,image-14_12_51.jpg
K0596_L7,34.154918,-118.276231,concrete channel,Glendale,tributary,wash,Sediment,Glendale_tributary_wash,43,112,180,61,44,6,18.1,12.5,54,36.9,30.2,7.1,23.1,14.1,22.5,23.2,13.7,381,85,0,98,235,5,12,219,289,7.5,0.4,48,23,13.7,140.5574799,1.681540977,183.9014421,0.095895283,0.094276293,0.114421509,24,81,4,0.950421648,,0.174999997,0.162249997,0.159899995,0.171749994,0.175999999,0.204400003,0.218899995,0.206599995,0.225299999,0.059900001,0.00115,0.203400001,0.171949998,11.71964589,0,0,0,Fully submerged,Submerged 3-30cm,Slope/slant Pit or ravine Flat land/terrace,image-14_5_13.jpg
K0597_L7,34.155157,-118.27542,concrete channel,Glendale,tributary,wash,Sediment,Glendale_tributary_wash,12,81,178,67,42,7,18.1,12.5,54,36.9,30.2,7.1,23.1,14.1,22.5,23.2,13.7,381,85,0,98,235,5,12,219,289,7.5,0.4,48,23,13.7,141.4858093,1.256143569,185.8041866,0.128093272,0.137745084,0.166602299,23,81,4,0.957196151,,0.179299995,0.170699999,0.1699,0.178749993,0.183500007,0.204400003,0.218899995,0.206599995,0.225299999,0.063050002,0.0012,0.203400001,0.175699994,6.622247152,0,0,0,Fully submerged,Top layer (top 3cm) soil or sediment,Open water,image-14_17_33.jpg
K0593_T9,34.155282,-118.275211,concrete channel,Glendale,tributary,wash,Sediment,Glendale_tributary_wash,29,64,140,69,22,#N/A,18.1,12.5,54,36.9,30.2,7.1,23.1,14.1,22.5,23.2,13.7,381,85,0,98,235,5,12,219,289,7.5,0.4,43,23,14,141.4858093,1.256143569,188.3125716,0.128093272,0.137745084,0.166602299,23,81,4,0.957196151,,0.174999997,0.162249997,0.158950001,0.163749993,0.175799996,0.204400003,0.218899995,0.206599995,0.225299999,0.063050002,0.0012,0.203400001,0.164450005,9.818700008,0,0,0,Fully submerged,Top layer (top 3cm) soil or sediment,Open water,image-14_19_46.jpg
K0597_K6,34.154997,-118.275944,concrete channel,Glendale,tributary,wash,Sediment,Glendale_tributary_wash,31,112,199,39,55,4,18.1,12.5,54,36.9,30.2,7.1,23.1,14.1,22.5,23.2,13.7,381,85,0,98,235,5,12,219,289,7.5,0.4,48,23,13.7,140.5574799,1.310987259,183.9014421,0.095895283,0.094276293,0.125210777,24,81,4,0.950421648,,0.179299995,0.170699999,0.1699,0.178749993,0.183500007,0.206200004,0.225850001,0.212799996,0.231299996,0.059900001,0.00115,0.203400001,0.175699994,9.74114846,0,0,0,Fully submerged,Submerged 3-30cm,Slope/slant Flat land/terrace,image-14_7_27.jpg
K0596_E4,34.154774,-118.27637,concrete channel,Glendale,tributary,wash,Sediment,Glendale_tributary_wash,#N/A,114,179,52,25,5,18.1,12.5,54,36.9,30.2,7.1,23.1,14.1,22.5,23.2,13.7,381,85,0,98,235,5,12,219,289,7.5,0.4,48,23,13.7,139.0814209,2.505872424,183.9014421,0.095895283,0.094276293,0.114421509,24,81,2,0.950421648,,0.174999997,0.162249997,0.159899995,0.171749994,0.175999999,0.206200004,0.226899996,0.213,0.231299996,0.059900001,0.00115,0.205699995,0.171949998,0,0,0,0,Frequently submerged or intertidal or marsh,Top layer (top 3cm) soil or sediment,Slope/slant,NA
K0526_G5,34.103427,-118.242642,concrete channel,Glendale Narrows,river,river,Sediment,Glendale Narrows_river_river,33,132,109,50,45,#N/A,18.3,12.1,54,35.65,29.9,7.6,22.3,14.4,22.5,23.2,14,393,89,0,100,250,5,13,228,289,7.5,0.4,43,26,14.1,104.2634735,2.45940784,104.8784378,0.142484739,0.152224092,0.15654543,23,57,10,0.95432608,,0.183699995,0.184200004,0.185949996,0.202350006,0.213499993,0.237800002,0.254599988,0.238749996,0.261750013,0.071249999,0.0012,0.243499994,0.199000001,14.99901343,0,0,0,Fully submerged,Submerged 3-30cm,Rock mound,image-11_51_14.jpg
K0529_G5,34.103652,-118.242686,concrete channel,Glendale Narrows,river,river,Sediment,Glendale Narrows_river_river,15,57,91,63,72,#N/A,18.3,12.1,54,35.65,29.9,7.6,22.3,14.4,22.5,23.2,14,393,89,0,100,250,5,13,228,289,7.5,0.4,44,26,14,104.2634735,2.45940784,104.8784378,0.137686521,0.142310173,0.15654543,23,72,4,0.954297993,,0.183699995,0.184200004,0.185949996,0.202350006,0.213499993,0.237800002,0.254599988,0.238749996,0.261750013,0.074249998,0.0012,0.255899996,0.205899999,8.866764179,0,0,0,Fully submerged,Top layer (top 3cm) soil or sediment,Open water,image-11_55_56.jpg
K0678_B2,34.103274,-118.242544,concrete channel,Glendale Narrows,river,river,Sediment,Glendale Narrows_river_river,28,113,101,74,83,#N/A,18.3,12.1,54,35.65,29.9,7.6,22.3,14.4,22.5,23.2,14,393,89,0,100,250,5,13,228,289,7.5,0.4,43,26,14.1,102.4841385,1.017011839,104.8784378,0.142484739,0.152224092,0.17475082,23,57,10,0.95432608,,0.179349996,0.177850001,0.177924998,0.190224998,0.195574999,0.218950003,0.237950005,0.222450003,0.24605,0.069349997,0.0012,0.240899995,0.199000001,18.20379789,0,0,0,Fully submerged,Submerged 3-30cm,Basin/wash,image-10_52_42.jpg
K0526_C3,34.102813,-118.242742,concrete channel,Glendale Narrows,river,river,Sediment,Glendale Narrows_river_river,7,132,144,99,59,#N/A,18.3,12.1,54,35.65,29.9,7.6,22.3,14.4,22.5,23.2,14,393,89,0,100,250,5,13,228,289,7.5,0.4,43,26,14.1,104.2634735,2.45940784,104.8784378,0.142484739,0.156773015,0.181642726,23,57,10,0.95432608,,0.183699995,0.184200004,0.182349995,0.193599999,0.197449997,0.220750004,0.238250002,0.223450005,0.245949998,0.069349997,0.0012,0.226400003,0.183899999,10.08357504,0,0,0,Fully submerged,Submerged 3-30cm,Basin/wash Pit or ravine,image-11_8_5.jpg
K0529_B2,34.103109,-118.242634,soft bottom,Glendale Narrows,river,river,Sediment,Glendale Narrows_river_river,29,93,147,115,59,#N/A,18.3,12.1,54,35.65,29.9,7.6,22.3,14.4,22.5,23.2,14,393,89,0,100,250,5,13,228,289,7.5,0.4,43,26,14.1,103.373806,1.738209839,104.8784378,0.142484739,0.156773015,0.181642726,23,57,10,0.95432608,,0.183699995,0.184200004,0.182349995,0.193599999,0.197449997,0.220750004,0.238250002,0.223450005,0.24605,0.069349997,0.0012,0.226400003,0.183899999,12.89710646,0,0,0,Fully submerged,Submerged 3-30cm,Open water Slope/slant Rock mound,image-11_3_4.jpg
K0678_K6,34.103437,-118.24275,concrete channel,Glendale Narrows,river,river,Sediment,Glendale Narrows_river_river,3,113,101,90,37,#N/A,18.3,12.1,54,35.65,29.9,7.6,22.3,14.4,22.5,23.2,14,393,89,0,100,250,5,13,228,289,7.5,0.4,43,26,14.1,104.2634735,2.45940784,104.8784378,0.142484739,0.152224092,0.15654543,23,57,10,0.95432608,,0.183699995,0.184200004,0.185949996,0.202350006,0.213499993,0.237800002,0.256500006,0.241150007,0.266050011,0.074249998,0.0012,0.243499994,0.199000001,16.70235884,0,0,0,Fully submerged,Top layer (top 3cm) soil or sediment,Open water,image-11_53_34.jpg
K0672_B2,34.10274,-118.242669,concrete channel,Glendale Narrows,river,river,Sediment,Glendale Narrows_river_river,14,102,126,104,87,#N/A,18.3,12.1,54,35.65,29.9,7.6,22.3,14.4,22.5,23.2,14,393,89,0,100,250,5,13,228,289,7.5,0.4,43,26,14.1,103.6908035,2.45940784,104.8784378,0.142484739,0.156773015,0.181642726,23,57,10,0.95432608,,0.183699995,0.184200004,0.182349995,0.193599999,0.197449997,0.220750004,0.238250002,0.223450005,0.245949998,0.069349997,0.0012,0.226400003,0.183899999,15.11787455,0,0,0,Fully submerged,Submerged 3-30cm,Basin/wash Rock mound,image-11_18_28.jpg
K0529_M8,34.103251,-118.242645,concrete channel,Glendale Narrows,river,river,Sediment,Glendale Narrows_river_river,6,90,124,67,7,#N/A,18.3,12.1,54,35.65,29.9,7.6,22.3,14.4,22.5,23.2,14,393,89,0,100,250,5,13,228,289,7.5,0.4,43,26,14.1,104.2634735,2.45940784,104.8784378,0.142484739,0.152224092,0.17475082,23,57,10,0.95432608,,0.183699995,0.184200004,0.182349995,0.193599999,0.197449997,0.220750004,0.238250002,0.223450005,0.24605,0.069349997,0.0012,0.233649999,0.19145,15.94552944,0,0,0,Fully submerged,Submerged 3-30cm,Enclosed water Rocky shore,image-11_49_32.jpg
K0677_E4,33.762907,-118.202298,concrete channel,Long Beach,tributary,reserve,Sediment,Long Beach_tributary_reserve,35,115,80,79,14,12,17.7,10.5,53,32.42,27.8,8,19.8,14.2,21.5,22.2,13.9,305,69,0,95,180,3,8,177,148,7.6,0.8,47,25,12.7,1.990004063,2.291024131,230.2550228,-0.209399492,-0.06797591,0.135172203,11,12,8,0.969563265,,0.136350006,0.107950002,0.090999998,0.071850002,0.080949999,0.09065,0.097850002,0.089500003,0.098700002,0.024599999,8.00E-04,0.077349998,0.053849999,12.65537211,0,0,0,Fully submerged,Submerged 3-30cm,Estuary (partially enclosed) Slope/slant Rocky shore,image-12_43_38.jpg
K0701_C3,33.76269,-118.202303,concrete channel,Long Beach,river,river,Sediment,Long Beach_river_river,33,199,110,49,12,1,17.7,10.5,53,32.42,27.8,8,19.8,14.2,21.5,22.2,13.9,305,69,0,95,180,3,8,177,148,7.6,0.8,47,25,12.7,0.463339716,2.291024131,230.2550228,-0.209399492,-0.06797591,0.051565517,11,0,6,0.969563265,,0.136350006,0.10565,0.085749999,0.062700003,0.057750002,0.049600001,0.049449999,0.043400001,0.044050001,0.0199,7.50E-04,0.029449999,0.022600001,12.9701103,0,0,0,Fully submerged,Submerged 3-30cm,Open water,image-11_23_58.jpg
K0678_L7,33.762906,-118.202305,soft bottom,Long Beach,tributary,reserve,Sediment,Long Beach_tributary_reserve,#N/A,#N/A,#N/A,#N/A,#N/A,#N/A,17.7,10.5,53,32.42,27.8,8,19.8,14.2,21.5,22.2,13.9,305,69,0,95,180,3,8,177,148,7.6,0.8,47,25,12.7,1.990004063,2.291024131,230.2550228,-0.209399492,-0.06797591,0.135172203,11,12,8,0.969563265,,0.136350006,0.107950002,0.090999998,0.071850002,0.080949999,0.09065,0.097850002,0.089500003,0.098700002,0.024599999,8.00E-04,0.077349998,0.053849999,10.21003718,0,0,0,Fully submerged,Submerged 3-30cm,Estuary (partially enclosed) Rocky shore,image-12_47_10.jpg
K0672_A1,33.762909,-118.202355,soft bottom,Long Beach,tributary,reserve,Sediment,Long Beach_tributary_reserve,16,156,127,58,27,9,17.7,10.5,53,32.42,27.8,8,19.8,14.2,21.5,22.2,13.9,305,69,0,95,180,3,8,177,148,7.6,0.8,47,25,12.7,1.990004063,2.291024131,230.2550228,-0.209399492,-0.06797591,0.135172203,11,12,8,0.969563265,,0.136350006,0.107950002,0.090999998,0.071850002,0.080949999,0.09065,0.097850002,0.089500003,0.098700002,0.024599999,8.00E-04,0.077349998,0.053849999,13.40371664,0,0,0,Fully submerged,Submerged 3-30cm,Estuary (partially enclosed) Rocky shore,image-12_45_15.jpg
K0674_M8,33.762738,-118.202271,concrete channel,Long Beach,river,river,Sediment,Long Beach_river_river,25,206,108,63,29,#N/A,17.7,10.5,53,32.42,27.8,8,19.8,14.2,21.5,22.2,13.9,305,69,0,95,180,3,8,177,148,7.6,0.8,47,25,12.7,1.990004063,2.291024131,230.2550228,-0.209399492,-0.06797591,0.051565517,11,9,6,0.969563265,,0.136350006,0.107950002,0.087800004,0.062700003,0.057750002,0.049600001,0.049449999,0.043400001,0.044050001,0.0199,7.50E-04,0.029449999,0.022600001,6.477704828,0,0,0,Fully submerged,Submerged 3-30cm,Open water,image-11_31_1.jpg
K0676_M8,33.762683,-118.202126,concrete channel,Long Beach,river,river,Sediment,Long Beach_river_river,21,#N/A,#N/A,43,#N/A,#N/A,17.7,10.5,53,32.42,27.8,8,19.8,14.2,21.5,22.2,13.9,305,69,0,95,180,3,8,177,148,7.6,0.8,47,25,12.7,1.990004063,2.291024131,230.2550228,-0.209399492,-0.06797591,0.051565517,11,9,6,0.969563265,,0.136350006,0.107950002,0.087800004,0.062700003,0.057750002,0.049600001,0.049449999,0.043400001,0.044050001,0.0199,7.50E-04,0.029449999,0.022600001,6.361288546,0,0,0,Fully submerged,Submerged 3-30cm,Slope/slant Basin/wash Rocky shore,image-11_48_51.jpg
K0677_L7,33.762841,-118.20235,concrete channel,Long Beach,tributary,reserve,Sediment,Long Beach_tributary_reserve,29,165,115,70,15,13,17.7,10.5,53,32.42,27.8,8,19.8,14.2,21.5,22.2,13.9,305,69,0,95,180,3,8,177,148,7.6,0.8,47,25,12.7,1.990004063,2.291024131,230.2550228,-0.209399492,-0.06797591,0.135172203,11,12,7,0.972779633,,0.136350006,0.107950002,0.087800004,0.0638,0.061749998,0.058649998,0.060199998,0.052749999,0.055849999,0.024599999,8.00E-04,0.04645,0.034049999,15.26838335,0,0,0,Fully submerged,Submerged 3-30cm,Open water,NA
K0677_B2,33.762833,-118.202418,concrete channel,Long Beach,tributary,reserve,Sediment,Long Beach_tributary_reserve,44,206,127,78,20,#N/A,17.7,10.5,53,32.42,27.8,8,19.8,14.2,21.5,22.2,13.9,305,69,0,95,180,3,8,177,148,7.6,0.8,47,25,12.7,0.463339716,2.291024131,230.2550228,-0.209399492,-0.06797591,0.051565517,11,12,6,0.972779633,,0.136350006,0.10565,0.085749999,0.062700003,0.057750002,0.049600001,0.049449999,0.043400001,0.044050001,0.0199,7.50E-04,0.029449999,0.022600001,15.46367773,0,0,0,Fully submerged,Submerged 3-30cm,Estuary (partially enclosed),image-11_12_55.jpg
K0527_C3,33.988033,-118.172607,concrete channel,Maywood,river,river,Sediment,Maywood_river_river,21,53,176,76,34,#N/A,18.2,11.8,54,34.76,29.5,7.7,21.8,14.5,22.3,23,14.1,363,82,0,98,228,4,11,209,289,7.6,0.2,48,21,15,40.47600937,2.108022863,214.4349263,0.180179447,0.146613024,0.116925858,23,60,3,0.954661379,,0.173600003,0.162900001,0.162599996,0.161249995,0.175349995,0.195449993,0.209749997,0.194749996,0.206100002,0.05675,0.0012,0.181500003,0.150749996,11.43548678,0,0,0,Fully submerged,Submerged 3-30cm,Slope/slant,image-15_39_43.jpg
K0539_L7,33.986776,-118.17165,concrete channel,Maywood,river,river,Sediment,Maywood_river_river,17,52,125,73,36,#N/A,18.2,11.8,54,34.76,29.5,7.7,21.8,14.5,22.3,23,14.1,363,82,0,98,228,4,11,209,289,7.6,0.2,43,25,15,39.85015106,1.386645281,71.23363819,0.164839596,0.137436127,0.150242567,23,67,3,0.950900058,,0.166850001,0.146300003,0.140650004,0.129999995,0.149550006,0.175600007,0.191699997,0.180299997,0.191699997,0.05675,0.0012,0.158549994,0.119099997,7.699034054,0,0,0,Fully submerged,Submerged 3-30cm,Basin/wash,image-14_57_59.jpg
K0527_L7,33.987668,-118.172288,concrete channel,Maywood,river,river,Sediment,Maywood_river_river,19,56,166,72,36,2,18.2,11.8,54,34.76,29.5,7.7,21.8,14.5,22.3,23,14.1,363,82,0,98,228,4,11,209,289,7.6,0.4,43,25,15,39.85015106,1.625512597,214.4349263,0.168034911,0.146613024,0.135240927,23,52,3,0.954661379,,0.173600003,0.135000005,0.133300006,0.12545,0.147499993,0.175600007,0.191699997,0.180299997,0.191699997,0.06425,0.0012,0.158549994,0.119099997,6.806650561,0,0,0,Fully submerged,Top layer (top 3cm) soil or sediment,Basin/wash,image-15_30_10.jpg
K0527_E4,33.987023,-118.171842,concrete channel,Maywood,river,river,Sediment,Maywood_river_river,12,47,62,62,27,#N/A,18.2,11.8,54,34.76,29.5,7.7,21.8,14.5,22.3,23,14.1,363,82,0,98,228,4,11,209,289,7.6,0.4,43,25,15,39.85015106,1.386645281,214.4349263,0.168034911,0.137436127,0.150242567,23,60,3,0.950900058,,0.166850001,0.135000005,0.133300006,0.12545,0.147499993,0.175600007,0.191699997,0.180299997,0.191699997,0.05675,0.0012,0.158549994,0.119099997,10.50666822,0,0,0,Fully submerged,Top layer (top 3cm) soil or sediment,Basin/wash,image-15_13_34.jpg
K0527_B2,33.987797,-118.172455,concrete channel,Maywood,river,river,Sediment,Maywood_river_river,13,61,149,72,22,#N/A,18.2,11.8,54,34.76,29.5,7.7,21.8,14.5,22.3,23,14.1,363,82,0,98,228,4,11,209,289,7.6,0.4,43,25,15,40.47600937,2.108022863,214.4349263,0.169061273,0.146613024,0.135240927,23,52,3,0.954661379,,0.173600003,0.158000007,0.156350002,0.161249995,0.175349995,0.195449993,0.209749997,0.194749996,0.206100002,0.06425,0.0012,0.181500003,0.150749996,9.287803505,0,0,0,Fully submerged,Submerged 3-30cm,Basin/wash,image-15_34_35.jpg
K0527_T9,33.986617,-118.171324,concrete channel,Maywood,river,river,Sediment,Maywood_river_river,21,50,138,49,38,3,18.2,11.8,54,34.76,29.5,7.7,21.8,14.5,22.3,23,14.1,363,82,0,98,228,4,11,209,289,7.6,0.2,43,25,14.7,39.85015106,1.386645281,227.888871,0.164839596,0.137436127,0.150242567,23,67,3,0.950900058,,0.166850001,0.146300003,0.140650004,0.129999995,0.149550006,0.175600007,0.191699997,0.180299997,0.191699997,0.05675,0.0012,0.158549994,0.119099997,7.076595503,0,0,0,Fully submerged,Submerged 3-30cm,Basin/wash,image-14_47_48.jpg
K0527_K6,33.986686,-118.171342,concrete channel,Maywood,river,river,Sediment,Maywood_river_river,15,43,119,39,29,#N/A,18.2,11.8,54,34.76,29.5,7.7,21.8,14.5,22.3,23,14.1,363,82,0,98,228,4,11,209,289,7.6,0.2,43,25,14.7,39.85015106,1.386645281,227.888871,0.164839596,0.137436127,0.150242567,23,67,3,0.950900058,,0.166850001,0.146300003,0.140650004,0.129999995,0.149550006,0.175600007,0.191699997,0.180299997,0.191699997,0.05675,0.0012,0.158549994,0.119099997,15.39643945,0,0,0,Fully submerged,Submerged 3-30cm,Basin/wash,image-14_46_46.jpg
K0527_A1,33.986755,-118.171412,concrete channel,Maywood,river,river,Sediment,Maywood_river_river,21,67,154,45,24,#N/A,18.2,11.8,54,34.76,29.5,7.7,21.8,14.5,22.3,23,14.1,363,82,0,98,228,4,11,209,289,7.6,0.2,43,25,14.7,39.85015106,1.386645281,227.888871,0.164839596,0.137436127,0.150242567,23,67,3,0.950900058,,0.166850001,0.146300003,0.140650004,0.129999995,0.149550006,0.175600007,0.191699997,0.180299997,0.191699997,0.05675,0.0012,0.158549994,0.119099997,7.964402508,0,0,0,Frequently submerged or intertidal or marsh,Top layer (top 3cm) soil or sediment,Basin/wash,image-14_53_42.jpg
K0597_T9,34.1688,-118.475049,soft bottom,Sepulveda Dam,river,river,Sediment,Sepulveda Dam_river_river,7,61,145,54,57,9,17.4,12.5,54,37.35,29.5,6.5,23,13.4,21.9,22.6,13.1,399,86,0,94,234,5,11,223,289,7.5,0.4,38,29,15,206.1638336,1.53211883,239.7437949,0.257799864,0.230356277,0.420936078,71,1,7,0.956604694,,0.154100001,0.143549994,0.145999998,0.158000007,0.178049996,0.218199998,0.248649999,0.251199991,0.280800015,0.083400004,0.0013,0.238900006,0.177000001,5,0,0,0,Fully submerged,Top layer (top 3cm) soil or sediment,Open water,image-9_9_25.jpg
K0599_K6,34.168906,-118.475125,soft bottom,Sepulveda Dam,river,river,Sediment,Sepulveda Dam_river_river,4,98,152,83,57,6,17.4,12.5,54,37.35,29.5,6.5,23,13.4,21.9,22.6,13.1,399,86,0,94,234,5,11,223,289,7.5,0.4,38,29,15,206.1638336,0.906378001,222.1153576,0.257799864,0.229891528,0.420936078,71,1,7,0.956604694,,0.154100001,0.143549994,0.145999998,0.158000007,0.178049996,0.218199998,0.248649999,0.251199991,0.280800015,0.083400004,0.0013,0.238900006,0.177000001,5,0,0,0,Fully submerged,Top layer (top 3cm) soil or sediment,Open water,image-8_54_41.jpg
K0599_G5,34.16868,-118.474846,soft bottom,Sepulveda Dam,tributary,creek,Sediment,Sepulveda Dam_tributary_creek,9,97,187,126,65,#N/A,17.4,12.5,54,37.35,29.5,6.5,23,13.4,21.9,22.6,13.1,399,86,0,94,234,5,11,223,289,7.5,0.4,38,29,15,207.1161499,1.53211883,239.7437949,0.257799864,0.230356277,0.421449751,71,1,9,0.956604694,,0.154100001,0.143549994,0.145999998,0.158649996,0.178049996,0.218199998,0.248649999,0.251199991,0.280800015,0.083400004,0.0013,0.238900006,0.177000001,6.987132991,0,0,0,Frequently submerged or intertidal or marsh,Top layer (top 3cm) soil or sediment,Basin/wash,image-8_40_49.jpg
K0595_G5,34.168941,-118.47461,soft bottom,Sepulveda Dam,tributary,creek,Sediment,Sepulveda Dam_tributary_creek,5,167,169,211,81,9,17.4,12.5,54,37.35,29.5,6.5,23,13.4,21.9,22.6,13.1,399,86,0,94,234,5,11,223,289,7.5,0.4,38,29,15,207.1161499,1.309947769,239.7437949,0.257799864,0.230356277,0.421449751,71,0,9,0.956604694,,0.149450004,0.140200004,0.140799999,0.158000007,0.178049996,0.205650002,0.236100003,0.237450004,0.271950006,0.0933,0.0013,0.268700004,0.178599998,6.235995082,0,0,0,"Terrestrial habitat, not submerged",Top layer (top 3cm) soil or sediment,Basin/wash,image-9_12_3.jpg
K0594_T9,34.168961,-118.475292,soft bottom,Sepulveda Dam,river,river,Sediment,Sepulveda Dam_river_river,11,88,171,76,60,5,17.4,12.5,54,37.24,29.6,6.5,23.1,13.4,21.9,22.6,13.1,400,86,0,94,235,5,11,224,289,7.7,0.4,38,29,14.9,206.1638336,0.906378001,222.1153576,0.249982566,0.19126435,0.420936078,52,1,7,0.956396924,,0.154100001,0.143549994,0.145999998,0.155650005,0.178800002,0.218199998,0.248649999,0.251199991,0.280800015,0.083400004,0.0013,0.238900006,0.177000001,5,0,0,0,Fully submerged,Top layer (top 3cm) soil or sediment,Open water,image-8_39_57.jpg
K0593_G5,34.168961,-118.475292,soft bottom,Sepulveda Dam,river,river,Sediment,Sepulveda Dam_river_river,13,86,103,75,55,6,17.4,12.5,54,37.24,29.6,6.5,23.1,13.4,21.9,22.6,13.1,400,86,0,94,235,5,11,224,289,7.7,0.4,38,29,14.9,206.1638336,0.906378001,222.1153576,0.249982566,0.19126435,0.420936078,52,1,7,0.956396924,,0.154100001,0.143549994,0.145999998,0.155650005,0.178800002,0.218199998,0.248649999,0.251199991,0.280800015,0.083400004,0.0013,0.238900006,0.177000001,5,0,0,0,Fully submerged,Top layer (top 3cm) soil or sediment,Open water,image-8_48_54.jpg
K0599_T9,34.168758,-118.474733,soft bottom,Sepulveda Dam,tributary,creek,Sediment,Sepulveda Dam_tributary_creek,21,131,188,195,63,7,17.4,12.5,54,37.35,29.5,6.5,23,13.4,21.9,22.6,13.1,399,86,0,94,234,5,11,223,289,7.5,0.4,38,29,15,207.1161499,1.53211883,239.7437949,0.257799864,0.230356277,0.421449751,71,1,9,0.956604694,,0.154100001,0.143549994,0.145999998,0.158649996,0.178049996,0.205650002,0.237350002,0.241799995,0.273600012,0.083400004,0.0013,0.268700004,0.178599998,7.769073324,0,0,0,Rarely submerged or wetland or arroyo,Top layer (top 3cm) soil or sediment,Basin/wash,image-9_7_2.jpg
K0594_A1,34.168698,-118.475195,soft bottom,Sepulveda Dam,river,river,Sediment,Sepulveda Dam_river_river,5,62,95,64,44,10,17.4,12.5,54,37.35,29.5,6.5,23,13.4,21.9,22.6,13.1,399,86,0,94,234,5,11,223,289,7.6,0.4,38,29,15,206.1638336,1.53211883,222.1153576,0.306009501,0.286193201,0.37684384,52,1,7,0.956604694,,0.154100001,0.143549994,0.145999998,0.158000007,0.178800002,0.241999999,0.272300005,0.266600013,0.291200012,0.083400004,0.0013,0.238900006,0.177000001,10,0,0,0,Fully submerged,Top layer (top 3cm) soil or sediment,Open water,image-9_1_2.jpg
K0599_E4,34.258395,-118.386592,concrete channel,Tujunga Wash,tributary,wash,Sediment,Tujunga Wash_tributary_wash,16,97,172,112,61,#N/A,17.4,13.8,52,43.23,31.3,5.1,26.2,12.6,22.7,23.3,12.2,395,86,0,93,227,5,12,217,289,7.6,0.4,45,24,15.2,295.604126,1.893139281,220.2633469,0.227185711,0.198111079,0.276165783,21,15,3,0.950455349,,0.166099995,0.151999995,0.160500005,0.191300005,0.211199999,0.245000005,0.274699986,0.270900011,0.301899999,0.0876,0.0014,0.281749994,0.224299997,5,0,0,0,Fully submerged,Top layer (top 3cm) soil or sediment,Open water,image-10_31_50.jpg
K0595_M8,34.257481,-118.386845,concrete channel,Tujunga Wash,tributary,wash,Sediment,Tujunga Wash_tributary_wash,4,119,180,94,62,#N/A,17.4,13.8,52,43.23,31.3,5.1,26.2,12.6,22.7,23.3,12.2,395,86,0,93,227,5,12,217,289,7.6,0.4,45,24,15.2,294.8016357,1.893139281,220.2633469,0.265308738,0.260217558,0.331877321,21,20,5,0.955183374,,0.157299995,0.142800003,0.148849994,0.156149998,0.181500003,0.262400001,0.301099986,0.300399989,0.330350012,0.087800004,0.0014,0.281749994,0.211549997,5,0,0,0,Fully submerged,Top layer (top 3cm) soil or sediment,Open water,image-11_11_14.jpg
K0597_E4,34.258716,-118.386376,concrete channel,Tujunga Wash,tributary,wash,Sediment,Tujunga Wash_tributary_wash,21,88,140,86,21,5,17.2,14,52,44.41,31.5,4.8,26.7,12.5,22.7,23.4,12,407,88,1,92,233,6,14,222,289,7.6,0.4,45,24,15.2,295.604126,1.964643279,226.1031481,0.227185711,0.198111079,0.276165783,21,28,3,0.950455349,,0.166099995,0.1708,0.180199996,0.200599998,0.2148,0.245000005,0.273400009,0.265500009,0.284999996,0.0876,0.0014,0.275000006,0.228300005,5,0,0,0,Fully submerged,Top layer (top 3cm) soil or sediment,Open water,image-10_36_44.jpg
K0599_M8,34.258016,-118.386744,concrete channel,Tujunga Wash,tributary,wash,Sediment,Tujunga Wash_tributary_wash,4,55,96,96,37,#N/A,17.4,13.8,52,43.23,31.3,5.1,26.2,12.6,22.7,23.3,12.2,395,86,0,93,227,5,12,217,289,7.6,0.4,45,24,15.2,295.3614807,1.893139281,220.2633469,0.227185711,0.198111079,0.276165783,21,15,3,0.950455349,,0.166099995,0.151299998,0.160400003,0.165849999,0.189400002,0.255950004,0.296099991,0.287299991,0.321399987,0.0876,0.0014,0.281749994,0.211549997,6.093424684,0,0,0,Fully submerged,Top layer (top 3cm) soil or sediment,Pit or ravine Flat land/terrace,image-10_41_18.jpg
K0593_A1,34.258032,-118.386781,concrete channel,Tujunga Wash,tributary,wash,Sediment,Tujunga Wash_tributary_wash,8,54,137,91,57,9,17.4,13.8,52,43.23,31.3,5.1,26.2,12.6,22.7,23.3,12.2,395,86,0,93,227,5,12,217,289,7.6,0.4,45,24,15.2,295.3614807,1.893139281,220.2633469,0.227185711,0.198111079,0.276165783,21,15,3,0.950455349,,0.166099995,0.151299998,0.160400003,0.165849999,0.189400002,0.255950004,0.296099991,0.287299991,0.321399987,0.0876,0.0014,0.281749994,0.211549997,11.98582749,0,0,0,Fully submerged,Submerged 3-30cm,Pit or ravine Flat land/terrace,image-10_36_20.jpg
K0593_E4,34.258403,-118.386614,concrete channel,Tujunga Wash,tributary,wash,Sediment,Tujunga Wash_tributary_wash,8,115,165,112,38,#N/A,17.4,13.8,52,43.23,31.3,5.1,26.2,12.6,22.7,23.3,12.2,395,86,0,93,227,5,12,217,289,7.6,0.4,45,24,15.2,295.604126,1.893139281,220.2633469,0.227185711,0.198111079,0.276165783,21,15,3,0.950455349,,0.166099995,0.151999995,0.160500005,0.191300005,0.211199999,0.245000005,0.274699986,0.270900011,0.301899999,0.0876,0.0014,0.281749994,0.224299997,5,0,0,0,Fully submerged,Top layer (top 3cm) soil or sediment,Open water,image-11_4_30.jpg
K0596_B2,34.258667,-118.386473,concrete channel,Tujunga Wash,tributary,wash,Sediment,Tujunga Wash_tributary_wash,13,75,199,111,93,#N/A,17.2,14,52,44.41,31.5,4.8,26.7,12.5,22.7,23.4,12,407,88,1,92,233,6,14,222,289,7.6,0.4,45,24,15.2,295.604126,1.964643279,226.1031481,0.227185711,0.198111079,0.276165783,21,28,3,0.950455349,,0.166099995,0.151999995,0.160500005,0.191300005,0.211199999,0.245000005,0.273400009,0.26879999,0.294800013,0.0876,0.0014,0.275000006,0.224299997,5,0,0,0,Fully submerged,Top layer (top 3cm) soil or sediment,Open water,image-10_42_22.jpg
K0599_A1,34.258424,-118.386387,concrete channel,Tujunga Wash,tributary,wash,Sediment,Tujunga Wash_tributary_wash,5,110,111,88,44,8,17.4,13.8,52,43.23,31.3,5.1,26.2,12.6,22.7,23.3,12.2,395,86,0,93,227,5,12,217,289,7.6,0.4,45,24,15.2,295.604126,1.893139281,226.1031481,0.227185711,0.198111079,0.276165783,21,28,3,0.950455349,,0.166099995,0.151999995,0.160500005,0.191300005,0.211199999,0.245000005,0.274699986,0.270900011,0.301899999,0.0876,0.0014,0.281749994,0.224299997,5,0,0,0,Fully submerged,Top layer (top 3cm) soil or sediment,Open water,image-10_54_21.jpg
K0596_G5,34.202611,-118.237615,soft bottom,Verdugo Wash,tributary,wash,Sediment,Verdugo Wash_tributary_wash,16,39,184,106,40,4,17.3,14.1,52,45.19,31.9,4.9,27,12.5,22.9,23.6,12,495,104,1,92,290,7,16,270,17,6.9,0.4,55,16,14.7,345.0964355,12.30489293,75.9419187,0.263142467,0.233865851,0.49912858,21,9,8,0.953644847,,0.149749994,0.131249994,0.131799996,0.148499995,0.168050006,0.2227,0.260650009,0.257050008,0.287050009,0.085649997,0.00125,0.259149998,0.189600006,10,0,0,0,Fully submerged,Top layer (top 3cm) soil or sediment,Open water,image-12_5_37.jpg
K0595_A1,34.202985,-118.237755,soft bottom,Verdugo Wash,tributary,wash,Sediment,Verdugo Wash_tributary_wash,4,95,186,109,55,1,17.3,14.1,52,45.19,31.9,4.9,27,12.5,22.9,23.6,12,495,104,1,92,290,7,16,270,17,6.9,0.4,55,16,14.7,345.0964355,12.30489293,75.9419187,0.250159234,0.233865851,0.294635385,22,17,8,0.953644847,,0.162,0.150999993,0.155650005,0.165250003,0.182099998,0.225199997,0.256350011,0.248500004,0.274549991,0.085649997,0.00125,0.259149998,0.189600006,5,0,0,0,Fully submerged,Top layer (top 3cm) soil or sediment,Open water,image-12_19_43.jpg
K0593_L7,34.203216,-118.237654,soft bottom,Verdugo Wash,tributary,wash,Sediment,Verdugo Wash_tributary_wash,13,139,118,104,75,#N/A,17.3,14.1,52,45.19,31.9,4.9,27,12.5,22.9,23.6,12,495,104,1,92,290,7,16,270,149,7.1,0.8,46,20,13.7,345.0964355,12.30489293,75.9419187,0.250159234,0.233865851,0.294635385,22,17,8,0.956581683,,0.162,0.150999993,0.155650005,0.171299994,0.189150006,0.232099995,0.256350011,0.248500004,0.273550004,0.085649997,0.0013,0.259149998,0.189600006,9.768488099,0,0,0,Fully submerged,Submerged 3-30cm,Flat land/terrace,image-12_8_4.jpg